<fedict.edrl.domain.Requirement>
  <contentId>50204</contentId>
  <templateVersion>1,85</templateVersion>
  <language>DE</language>
  <lifecycle>START</lifecycle>
  <indicators>
    <targetGroup>
      <belgianCompany>false</belgianCompany>
      <euServiceProvider>false</euServiceProvider>
      <nonEuServiceProvider>false</nonEuServiceProvider>
      <euTemporaryServiceProvider>true</euTemporaryServiceProvider>
      <nonEuTemporaryServiceProvider>false</nonEuTemporaryServiceProvider>
    </targetGroup>
    <domain>
      <specificActivity>true</specificActivity>
      <building>false</building>
      <company>false</company>
      <registration>false</registration>
      <socialSecurity>false</socialSecurity>
      <taxation>false</taxation>
      <recruitment>false</recruitment>
    </domain>
    <companyType>
      <naturalPerson>true</naturalPerson>
      <lawPerson>false</lawPerson>
      <nonLawPerson>false</nonLawPerson>
    </companyType>
    <entity>
      <company>false</company>
      <unit>false</unit>
      <person>true</person>
      <property>false</property>
    </entity>
    <countryPart>
      <dutch>true</dutch>
      <french>false</french>
      <german>false</german>
      <brussels>true</brussels>
    </countryPart>
  </indicators>
  <principal>true</principal>
  <displayOrder>10000</displayOrder>
  <commonSectorType>LIST</commonSectorType>
  <possibleSectorType>LIST</possibleSectorType>
  <legalMeansType>SPECIFIC</legalMeansType>
  <providerLegalMeansType>SPECIFIC</providerLegalMeansType>
  <translated>false</translated>
  <original>false</original>
  <version>1</version>
  <title>Freie Dienstleistung</title>
  <applicationSummary></applicationSummary>
  <shortDescription></shortDescription>
  <applicableTo></applicableTo>
  <applicableExceptions></applicableExceptions>
  <formalities></formalities>
  <commonSectors>
    <fedict.edrl.domain.Sector>
      <code>11 - Professions Libérales Intellectuelles / Vrije Intellectuele Beroepen</code>
      <name>Freie und geistige Berufe (andere als  Gesundheitspflegeberufe)</name>
      <language>DE</language>
      <displaySector>true</displaySector>
      <utility/>
    </fedict.edrl.domain.Sector>
  </commonSectors>
  <commonActivities>
    <fedict.edrl.domain.Activity>
      <activityCode>03 - Avocats / Advocaten</activityCode>
      <sectorCode>11 - Professions Libérales Intellectuelles / Vrije Intellectuele Beroepen</sectorCode>
      <name>Rechtsanwälte</name>
      <displayActivity>true</displayActivity>
      <language>DE</language>
    </fedict.edrl.domain.Activity>
  </commonActivities>
  <possibleSectors/>
  <possibleActivities/>
  <responsibleAdministration>
    <politicalLevel>
      <utility/>
    </politicalLevel>
    <administration>
      <code>FED/Ordre Barreaux VL/Orde Advocaten VL</code>
      <politicalLevelCode>FED</politicalLevelCode>
      <organismType>Admin (headquarter)</organismType>
      <companyNumber></companyNumber>
      <name>Flemish Bar Association</name>
      <description>Flämische Anwaltskammer</description>
      <utility/>
    </administration>
    <municipalities>
      <fedict.edrl.domain.Municipality>
        <postCode>1000</postCode>
        <nisCode>21004</nisCode>
        <name>Brüssel</name>
        <utility/>
      </fedict.edrl.domain.Municipality>
      <fedict.edrl.domain.Municipality>
        <postCode>1030</postCode>
        <nisCode>21015</nisCode>
        <name>Schaerbeek</name>
        <utility/>
      </fedict.edrl.domain.Municipality>
      <fedict.edrl.domain.Municipality>
        <postCode>1040</postCode>
        <nisCode>21005</nisCode>
        <name>Etterbeek</name>
        <utility/>
      </fedict.edrl.domain.Municipality>
      <fedict.edrl.domain.Municipality>
        <postCode>1050</postCode>
        <nisCode>21009</nisCode>
        <name>Ixelles</name>
        <utility/>
      </fedict.edrl.domain.Municipality>
      <fedict.edrl.domain.Municipality>
        <postCode>1060</postCode>
        <nisCode>21013</nisCode>
        <name>Saint-Gilles</name>
        <utility/>
      </fedict.edrl.domain.Municipality>
      <fedict.edrl.domain.Municipality>
        <postCode>1070</postCode>
        <nisCode>21001</nisCode>
        <name>Anderlecht</name>
        <utility/>
      </fedict.edrl.domain.Municipality>
      <fedict.edrl.domain.Municipality>
        <postCode>1080</postCode>
        <nisCode>21012</nisCode>
        <name>Molenbeek-Saint-Jean</name>
        <utility/>
      </fedict.edrl.domain.Municipality>
      <fedict.edrl.domain.Municipality>
        <postCode>1081</postCode>
        <nisCode>21011</nisCode>
        <name>Koekelberg</name>
        <utility/>
      </fedict.edrl.domain.Municipality>
      <fedict.edrl.domain.Municipality>
        <postCode>1082</postCode>
        <nisCode>21003</nisCode>
        <name>Berchem-Sainte-Agathe</name>
        <utility/>
      </fedict.edrl.domain.Municipality>
      <fedict.edrl.domain.Municipality>
        <postCode>1083</postCode>
        <nisCode>21008</nisCode>
        <name>Ganshoren</name>
        <utility/>
      </fedict.edrl.domain.Municipality>
      <fedict.edrl.domain.Municipality>
        <postCode>1090</postCode>
        <nisCode>21010</nisCode>
        <name>Jette</name>
        <utility/>
      </fedict.edrl.domain.Municipality>
      <fedict.edrl.domain.Municipality>
        <postCode>1140</postCode>
        <nisCode>21006</nisCode>
        <name>Evere</name>
        <utility/>
      </fedict.edrl.domain.Municipality>
      <fedict.edrl.domain.Municipality>
        <postCode>1150</postCode>
        <nisCode>21019</nisCode>
        <name>Woluwe-Saint-Pierre</name>
        <utility/>
      </fedict.edrl.domain.Municipality>
      <fedict.edrl.domain.Municipality>
        <postCode>1160</postCode>
        <nisCode>21002</nisCode>
        <name>Auderghem</name>
        <utility/>
      </fedict.edrl.domain.Municipality>
      <fedict.edrl.domain.Municipality>
        <postCode>1170</postCode>
        <nisCode>21017</nisCode>
        <name>Watermael-Boitsfort</name>
        <utility/>
      </fedict.edrl.domain.Municipality>
      <fedict.edrl.domain.Municipality>
        <postCode>1180</postCode>
        <nisCode>21016</nisCode>
        <name>Uccle</name>
        <utility/>
      </fedict.edrl.domain.Municipality>
      <fedict.edrl.domain.Municipality>
        <postCode>1190</postCode>
        <nisCode>21007</nisCode>
        <name>Forest (Bruxelles-Capitale)</name>
        <utility/>
      </fedict.edrl.domain.Municipality>
      <fedict.edrl.domain.Municipality>
        <postCode>1200</postCode>
        <nisCode>21018</nisCode>
        <name>Woluwe-Saint-Lambert</name>
        <utility/>
      </fedict.edrl.domain.Municipality>
      <fedict.edrl.domain.Municipality>
        <postCode>1210</postCode>
        <nisCode>21014</nisCode>
        <name>Saint-Josse-ten-Noode</name>
        <utility/>
      </fedict.edrl.domain.Municipality>
      <fedict.edrl.domain.Municipality>
        <postCode>1500</postCode>
        <nisCode>23027</nisCode>
        <name>Halle (Halle-Vilvoorde)</name>
        <utility/>
      </fedict.edrl.domain.Municipality>
      <fedict.edrl.domain.Municipality>
        <postCode>1540</postCode>
        <nisCode>23032</nisCode>
        <name>Herne</name>
        <utility/>
      </fedict.edrl.domain.Municipality>
      <fedict.edrl.domain.Municipality>
        <postCode>1547</postCode>
        <nisCode>23009</nisCode>
        <name>Bever</name>
        <utility/>
      </fedict.edrl.domain.Municipality>
      <fedict.edrl.domain.Municipality>
        <postCode>1560</postCode>
        <nisCode>23033</nisCode>
        <name>Hoeilaart</name>
        <utility/>
      </fedict.edrl.domain.Municipality>
      <fedict.edrl.domain.Municipality>
        <postCode>1570</postCode>
        <nisCode>23023</nisCode>
        <name>Galmaarden</name>
        <utility/>
      </fedict.edrl.domain.Municipality>
      <fedict.edrl.domain.Municipality>
        <postCode>1600</postCode>
        <nisCode>23077</nisCode>
        <name>Sint-Pieters-Leeuw</name>
        <utility/>
      </fedict.edrl.domain.Municipality>
      <fedict.edrl.domain.Municipality>
        <postCode>1620</postCode>
        <nisCode>23098</nisCode>
        <name>Drogenbos</name>
        <utility/>
      </fedict.edrl.domain.Municipality>
      <fedict.edrl.domain.Municipality>
        <postCode>1630</postCode>
        <nisCode>23100</nisCode>
        <name>Linkebeek</name>
        <utility/>
      </fedict.edrl.domain.Municipality>
      <fedict.edrl.domain.Municipality>
        <postCode>1640</postCode>
        <nisCode>23101</nisCode>
        <name>Sint-Genesius-Rode</name>
        <utility/>
      </fedict.edrl.domain.Municipality>
      <fedict.edrl.domain.Municipality>
        <postCode>1650</postCode>
        <nisCode>23003</nisCode>
        <name>Beersel</name>
        <utility/>
      </fedict.edrl.domain.Municipality>
      <fedict.edrl.domain.Municipality>
        <postCode>1670</postCode>
        <nisCode>23064</nisCode>
        <name>Pepingen</name>
        <utility/>
      </fedict.edrl.domain.Municipality>
      <fedict.edrl.domain.Municipality>
        <postCode>1700</postCode>
        <nisCode>23016</nisCode>
        <name>Dilbeek</name>
        <utility/>
      </fedict.edrl.domain.Municipality>
      <fedict.edrl.domain.Municipality>
        <postCode>1730</postCode>
        <nisCode>23002</nisCode>
        <name>Asse</name>
        <utility/>
      </fedict.edrl.domain.Municipality>
      <fedict.edrl.domain.Municipality>
        <postCode>1740</postCode>
        <nisCode>23086</nisCode>
        <name>Ternat</name>
        <utility/>
      </fedict.edrl.domain.Municipality>
      <fedict.edrl.domain.Municipality>
        <postCode>1745</postCode>
        <nisCode>23060</nisCode>
        <name>Opwijk</name>
        <utility/>
      </fedict.edrl.domain.Municipality>
      <fedict.edrl.domain.Municipality>
        <postCode>1750</postCode>
        <nisCode>23104</nisCode>
        <name>Lennik</name>
        <utility/>
      </fedict.edrl.domain.Municipality>
      <fedict.edrl.domain.Municipality>
        <postCode>1755</postCode>
        <nisCode>23024</nisCode>
        <name>Gooik</name>
        <utility/>
      </fedict.edrl.domain.Municipality>
      <fedict.edrl.domain.Municipality>
        <postCode>1760</postCode>
        <nisCode>23097</nisCode>
        <name>Roosdaal</name>
        <utility/>
      </fedict.edrl.domain.Municipality>
      <fedict.edrl.domain.Municipality>
        <postCode>1770</postCode>
        <nisCode>23044</nisCode>
        <name>Liedekerke</name>
        <utility/>
      </fedict.edrl.domain.Municipality>
      <fedict.edrl.domain.Municipality>
        <postCode>1780</postCode>
        <nisCode>23102</nisCode>
        <name>Wemmel</name>
        <utility/>
      </fedict.edrl.domain.Municipality>
      <fedict.edrl.domain.Municipality>
        <postCode>1785</postCode>
        <nisCode>23052</nisCode>
        <name>Merchtem</name>
        <utility/>
      </fedict.edrl.domain.Municipality>
      <fedict.edrl.domain.Municipality>
        <postCode>1790</postCode>
        <nisCode>23105</nisCode>
        <name>Affligem</name>
        <utility/>
      </fedict.edrl.domain.Municipality>
      <fedict.edrl.domain.Municipality>
        <postCode>1800</postCode>
        <nisCode>23088</nisCode>
        <name>Vilvoorde</name>
        <utility/>
      </fedict.edrl.domain.Municipality>
      <fedict.edrl.domain.Municipality>
        <postCode>1820</postCode>
        <nisCode>23081</nisCode>
        <name>Steenokkerzeel</name>
        <utility/>
      </fedict.edrl.domain.Municipality>
      <fedict.edrl.domain.Municipality>
        <postCode>1830</postCode>
        <nisCode>23047</nisCode>
        <name>Machelen (Halle-Vilvoorde)</name>
        <utility/>
      </fedict.edrl.domain.Municipality>
      <fedict.edrl.domain.Municipality>
        <postCode>1840</postCode>
        <nisCode>23045</nisCode>
        <name>Londerzeel</name>
        <utility/>
      </fedict.edrl.domain.Municipality>
      <fedict.edrl.domain.Municipality>
        <postCode>1850</postCode>
        <nisCode>23025</nisCode>
        <name>Grimbergen</name>
        <utility/>
      </fedict.edrl.domain.Municipality>
      <fedict.edrl.domain.Municipality>
        <postCode>1860</postCode>
        <nisCode>23050</nisCode>
        <name>Meise</name>
        <utility/>
      </fedict.edrl.domain.Municipality>
      <fedict.edrl.domain.Municipality>
        <postCode>1880</postCode>
        <nisCode>23039</nisCode>
        <name>Kapelle-op-den-Bos</name>
        <utility/>
      </fedict.edrl.domain.Municipality>
      <fedict.edrl.domain.Municipality>
        <postCode>1910</postCode>
        <nisCode>23038</nisCode>
        <name>Kampenhout</name>
        <utility/>
      </fedict.edrl.domain.Municipality>
      <fedict.edrl.domain.Municipality>
        <postCode>1930</postCode>
        <nisCode>23094</nisCode>
        <name>Zaventem</name>
        <utility/>
      </fedict.edrl.domain.Municipality>
      <fedict.edrl.domain.Municipality>
        <postCode>1950</postCode>
        <nisCode>23099</nisCode>
        <name>Kraainem</name>
        <utility/>
      </fedict.edrl.domain.Municipality>
      <fedict.edrl.domain.Municipality>
        <postCode>1970</postCode>
        <nisCode>23103</nisCode>
        <name>Wezembeek-Oppem</name>
        <utility/>
      </fedict.edrl.domain.Municipality>
      <fedict.edrl.domain.Municipality>
        <postCode>1980</postCode>
        <nisCode>23096</nisCode>
        <name>Zemst</name>
        <utility/>
      </fedict.edrl.domain.Municipality>
      <fedict.edrl.domain.Municipality>
        <postCode>2000</postCode>
        <nisCode>11002</nisCode>
        <name>Antwerpen</name>
        <utility/>
      </fedict.edrl.domain.Municipality>
      <fedict.edrl.domain.Municipality>
        <postCode>2070</postCode>
        <nisCode>11056</nisCode>
        <name>Zwijndrecht</name>
        <utility/>
      </fedict.edrl.domain.Municipality>
      <fedict.edrl.domain.Municipality>
        <postCode>2110</postCode>
        <nisCode>11050</nisCode>
        <name>Wijnegem</name>
        <utility/>
      </fedict.edrl.domain.Municipality>
      <fedict.edrl.domain.Municipality>
        <postCode>2150</postCode>
        <nisCode>11007</nisCode>
        <name>Borsbeek</name>
        <utility/>
      </fedict.edrl.domain.Municipality>
      <fedict.edrl.domain.Municipality>
        <postCode>2160</postCode>
        <nisCode>11052</nisCode>
        <name>Wommelgem</name>
        <utility/>
      </fedict.edrl.domain.Municipality>
      <fedict.edrl.domain.Municipality>
        <postCode>2200</postCode>
        <nisCode>13011</nisCode>
        <name>Herentals</name>
        <utility/>
      </fedict.edrl.domain.Municipality>
      <fedict.edrl.domain.Municipality>
        <postCode>2220</postCode>
        <nisCode>12014</nisCode>
        <name>Heist-op-den-Berg</name>
        <utility/>
      </fedict.edrl.domain.Municipality>
      <fedict.edrl.domain.Municipality>
        <postCode>2230</postCode>
        <nisCode>13013</nisCode>
        <name>Herselt</name>
        <utility/>
      </fedict.edrl.domain.Municipality>
      <fedict.edrl.domain.Municipality>
        <postCode>2235</postCode>
        <nisCode>13016</nisCode>
        <name>Hulshout</name>
        <utility/>
      </fedict.edrl.domain.Municipality>
      <fedict.edrl.domain.Municipality>
        <postCode>2240</postCode>
        <nisCode>11054</nisCode>
        <name>Zandhoven</name>
        <utility/>
      </fedict.edrl.domain.Municipality>
      <fedict.edrl.domain.Municipality>
        <postCode>2250</postCode>
        <nisCode>13029</nisCode>
        <name>Olen</name>
        <utility/>
      </fedict.edrl.domain.Municipality>
      <fedict.edrl.domain.Municipality>
        <postCode>2260</postCode>
        <nisCode>13049</nisCode>
        <name>Westerlo</name>
        <utility/>
      </fedict.edrl.domain.Municipality>
      <fedict.edrl.domain.Municipality>
        <postCode>2270</postCode>
        <nisCode>13012</nisCode>
        <name>Herenthout</name>
        <utility/>
      </fedict.edrl.domain.Municipality>
      <fedict.edrl.domain.Municipality>
        <postCode>2275</postCode>
        <nisCode>13019</nisCode>
        <name>Lille</name>
        <utility/>
      </fedict.edrl.domain.Municipality>
      <fedict.edrl.domain.Municipality>
        <postCode>2280</postCode>
        <nisCode>13010</nisCode>
        <name>Grobbendonk</name>
        <utility/>
      </fedict.edrl.domain.Municipality>
      <fedict.edrl.domain.Municipality>
        <postCode>2290</postCode>
        <nisCode>13044</nisCode>
        <name>Vorselaar</name>
        <utility/>
      </fedict.edrl.domain.Municipality>
      <fedict.edrl.domain.Municipality>
        <postCode>2300</postCode>
        <nisCode>13040</nisCode>
        <name>Turnhout</name>
        <utility/>
      </fedict.edrl.domain.Municipality>
      <fedict.edrl.domain.Municipality>
        <postCode>2310</postCode>
        <nisCode>13037</nisCode>
        <name>Rijkevorsel</name>
        <utility/>
      </fedict.edrl.domain.Municipality>
      <fedict.edrl.domain.Municipality>
        <postCode>2320</postCode>
        <nisCode>13014</nisCode>
        <name>Hoogstraten</name>
        <utility/>
      </fedict.edrl.domain.Municipality>
      <fedict.edrl.domain.Municipality>
        <postCode>2330</postCode>
        <nisCode>13023</nisCode>
        <name>Merksplas</name>
        <utility/>
      </fedict.edrl.domain.Municipality>
      <fedict.edrl.domain.Municipality>
        <postCode>2340</postCode>
        <nisCode>13004</nisCode>
        <name>Beerse</name>
        <utility/>
      </fedict.edrl.domain.Municipality>
      <fedict.edrl.domain.Municipality>
        <postCode>2350</postCode>
        <nisCode>13046</nisCode>
        <name>Vosselaar</name>
        <utility/>
      </fedict.edrl.domain.Municipality>
      <fedict.edrl.domain.Municipality>
        <postCode>2360</postCode>
        <nisCode>13031</nisCode>
        <name>Oud-Turnhout</name>
        <utility/>
      </fedict.edrl.domain.Municipality>
      <fedict.edrl.domain.Municipality>
        <postCode>2370</postCode>
        <nisCode>13001</nisCode>
        <name>Arendonk</name>
        <utility/>
      </fedict.edrl.domain.Municipality>
      <fedict.edrl.domain.Municipality>
        <postCode>2380</postCode>
        <nisCode>13035</nisCode>
        <name>Ravels</name>
        <utility/>
      </fedict.edrl.domain.Municipality>
      <fedict.edrl.domain.Municipality>
        <postCode>2387</postCode>
        <nisCode>13002</nisCode>
        <name>Baarle-Hertog</name>
        <utility/>
      </fedict.edrl.domain.Municipality>
      <fedict.edrl.domain.Municipality>
        <postCode>2390</postCode>
        <nisCode>11057</nisCode>
        <name>Malle</name>
        <utility/>
      </fedict.edrl.domain.Municipality>
      <fedict.edrl.domain.Municipality>
        <postCode>2400</postCode>
        <nisCode>13025</nisCode>
        <name>Mol</name>
        <utility/>
      </fedict.edrl.domain.Municipality>
      <fedict.edrl.domain.Municipality>
        <postCode>2430</postCode>
        <nisCode>13053</nisCode>
        <name>Laakdal</name>
        <utility/>
      </fedict.edrl.domain.Municipality>
      <fedict.edrl.domain.Municipality>
        <postCode>2440</postCode>
        <nisCode>13008</nisCode>
        <name>Geel</name>
        <utility/>
      </fedict.edrl.domain.Municipality>
      <fedict.edrl.domain.Municipality>
        <postCode>2450</postCode>
        <nisCode>13021</nisCode>
        <name>Meerhout</name>
        <utility/>
      </fedict.edrl.domain.Municipality>
      <fedict.edrl.domain.Municipality>
        <postCode>2460</postCode>
        <nisCode>13017</nisCode>
        <name>Kasterlee</name>
        <utility/>
      </fedict.edrl.domain.Municipality>
      <fedict.edrl.domain.Municipality>
        <postCode>2470</postCode>
        <nisCode>13036</nisCode>
        <name>Retie</name>
        <utility/>
      </fedict.edrl.domain.Municipality>
      <fedict.edrl.domain.Municipality>
        <postCode>2480</postCode>
        <nisCode>13006</nisCode>
        <name>Dessel</name>
        <utility/>
      </fedict.edrl.domain.Municipality>
      <fedict.edrl.domain.Municipality>
        <postCode>2490</postCode>
        <nisCode>13003</nisCode>
        <name>Balen</name>
        <utility/>
      </fedict.edrl.domain.Municipality>
      <fedict.edrl.domain.Municipality>
        <postCode>2500</postCode>
        <nisCode>12021</nisCode>
        <name>Lier</name>
        <utility/>
      </fedict.edrl.domain.Municipality>
      <fedict.edrl.domain.Municipality>
        <postCode>2520</postCode>
        <nisCode>11035</nisCode>
        <name>Ranst</name>
        <utility/>
      </fedict.edrl.domain.Municipality>
      <fedict.edrl.domain.Municipality>
        <postCode>2530</postCode>
        <nisCode>11004</nisCode>
        <name>Boechout</name>
        <utility/>
      </fedict.edrl.domain.Municipality>
      <fedict.edrl.domain.Municipality>
        <postCode>2540</postCode>
        <nisCode>11021</nisCode>
        <name>Hove (Antwerpen)</name>
        <utility/>
      </fedict.edrl.domain.Municipality>
      <fedict.edrl.domain.Municipality>
        <postCode>2547</postCode>
        <nisCode>11025</nisCode>
        <name>Lint</name>
        <utility/>
      </fedict.edrl.domain.Municipality>
      <fedict.edrl.domain.Municipality>
        <postCode>2550</postCode>
        <nisCode>11024</nisCode>
        <name>Kontich</name>
        <utility/>
      </fedict.edrl.domain.Municipality>
      <fedict.edrl.domain.Municipality>
        <postCode>2560</postCode>
        <nisCode>12026</nisCode>
        <name>Nijlen</name>
        <utility/>
      </fedict.edrl.domain.Municipality>
      <fedict.edrl.domain.Municipality>
        <postCode>2570</postCode>
        <nisCode>12009</nisCode>
        <name>Duffel</name>
        <utility/>
      </fedict.edrl.domain.Municipality>
      <fedict.edrl.domain.Municipality>
        <postCode>2580</postCode>
        <nisCode>12029</nisCode>
        <name>Putte</name>
        <utility/>
      </fedict.edrl.domain.Municipality>
      <fedict.edrl.domain.Municipality>
        <postCode>2590</postCode>
        <nisCode>12002</nisCode>
        <name>Berlaar</name>
        <utility/>
      </fedict.edrl.domain.Municipality>
      <fedict.edrl.domain.Municipality>
        <postCode>2620</postCode>
        <nisCode>11018</nisCode>
        <name>Hemiksem</name>
        <utility/>
      </fedict.edrl.domain.Municipality>
      <fedict.edrl.domain.Municipality>
        <postCode>2627</postCode>
        <nisCode>11038</nisCode>
        <name>Schelle</name>
        <utility/>
      </fedict.edrl.domain.Municipality>
      <fedict.edrl.domain.Municipality>
        <postCode>2630</postCode>
        <nisCode>11001</nisCode>
        <name>Aartselaar</name>
        <utility/>
      </fedict.edrl.domain.Municipality>
      <fedict.edrl.domain.Municipality>
        <postCode>2640</postCode>
        <nisCode>11029</nisCode>
        <name>Mortsel</name>
        <utility/>
      </fedict.edrl.domain.Municipality>
      <fedict.edrl.domain.Municipality>
        <postCode>2650</postCode>
        <nisCode>11013</nisCode>
        <name>Edegem</name>
        <utility/>
      </fedict.edrl.domain.Municipality>
      <fedict.edrl.domain.Municipality>
        <postCode>2800</postCode>
        <nisCode>12025</nisCode>
        <name>Mechelen</name>
        <utility/>
      </fedict.edrl.domain.Municipality>
      <fedict.edrl.domain.Municipality>
        <postCode>2820</postCode>
        <nisCode>12005</nisCode>
        <name>Bonheiden</name>
        <utility/>
      </fedict.edrl.domain.Municipality>
      <fedict.edrl.domain.Municipality>
        <postCode>2830</postCode>
        <nisCode>12040</nisCode>
        <name>Willebroek</name>
        <utility/>
      </fedict.edrl.domain.Municipality>
      <fedict.edrl.domain.Municipality>
        <postCode>2840</postCode>
        <nisCode>11037</nisCode>
        <name>Rumst</name>
        <utility/>
      </fedict.edrl.domain.Municipality>
      <fedict.edrl.domain.Municipality>
        <postCode>2845</postCode>
        <nisCode>11030</nisCode>
        <name>Niel</name>
        <utility/>
      </fedict.edrl.domain.Municipality>
      <fedict.edrl.domain.Municipality>
        <postCode>2850</postCode>
        <nisCode>11005</nisCode>
        <name>Boom</name>
        <utility/>
      </fedict.edrl.domain.Municipality>
      <fedict.edrl.domain.Municipality>
        <postCode>2860</postCode>
        <nisCode>12035</nisCode>
        <name>Sint-Katelijne-Waver</name>
        <utility/>
      </fedict.edrl.domain.Municipality>
      <fedict.edrl.domain.Municipality>
        <postCode>2870</postCode>
        <nisCode>12030</nisCode>
        <name>Puurs</name>
        <utility/>
      </fedict.edrl.domain.Municipality>
      <fedict.edrl.domain.Municipality>
        <postCode>2880</postCode>
        <nisCode>12007</nisCode>
        <name>Bornem</name>
        <utility/>
      </fedict.edrl.domain.Municipality>
      <fedict.edrl.domain.Municipality>
        <postCode>2890</postCode>
        <nisCode>12034</nisCode>
        <name>Sint-Amands</name>
        <utility/>
      </fedict.edrl.domain.Municipality>
      <fedict.edrl.domain.Municipality>
        <postCode>2900</postCode>
        <nisCode>11040</nisCode>
        <name>Schoten</name>
        <utility/>
      </fedict.edrl.domain.Municipality>
      <fedict.edrl.domain.Municipality>
        <postCode>2910</postCode>
        <nisCode>11016</nisCode>
        <name>Essen</name>
        <utility/>
      </fedict.edrl.domain.Municipality>
      <fedict.edrl.domain.Municipality>
        <postCode>2920</postCode>
        <nisCode>11022</nisCode>
        <name>Kalmthout</name>
        <utility/>
      </fedict.edrl.domain.Municipality>
      <fedict.edrl.domain.Municipality>
        <postCode>2930</postCode>
        <nisCode>11008</nisCode>
        <name>Brasschaat</name>
        <utility/>
      </fedict.edrl.domain.Municipality>
      <fedict.edrl.domain.Municipality>
        <postCode>2940</postCode>
        <nisCode>11044</nisCode>
        <name>Stabroek</name>
        <utility/>
      </fedict.edrl.domain.Municipality>
      <fedict.edrl.domain.Municipality>
        <postCode>2950</postCode>
        <nisCode>11023</nisCode>
        <name>Kapellen (Antwerpen)</name>
        <utility/>
      </fedict.edrl.domain.Municipality>
      <fedict.edrl.domain.Municipality>
        <postCode>2960</postCode>
        <nisCode>11009</nisCode>
        <name>Brecht</name>
        <utility/>
      </fedict.edrl.domain.Municipality>
      <fedict.edrl.domain.Municipality>
        <postCode>2970</postCode>
        <nisCode>11039</nisCode>
        <name>Schilde</name>
        <utility/>
      </fedict.edrl.domain.Municipality>
      <fedict.edrl.domain.Municipality>
        <postCode>2980</postCode>
        <nisCode>11055</nisCode>
        <name>Zoersel</name>
        <utility/>
      </fedict.edrl.domain.Municipality>
      <fedict.edrl.domain.Municipality>
        <postCode>2990</postCode>
        <nisCode>11053</nisCode>
        <name>Wuustwezel</name>
        <utility/>
      </fedict.edrl.domain.Municipality>
      <fedict.edrl.domain.Municipality>
        <postCode>3000</postCode>
        <nisCode>24062</nisCode>
        <name>Leuven</name>
        <utility/>
      </fedict.edrl.domain.Municipality>
      <fedict.edrl.domain.Municipality>
        <postCode>3020</postCode>
        <nisCode>24038</nisCode>
        <name>Herent</name>
        <utility/>
      </fedict.edrl.domain.Municipality>
      <fedict.edrl.domain.Municipality>
        <postCode>3040</postCode>
        <nisCode>24045</nisCode>
        <name>Huldenberg</name>
        <utility/>
      </fedict.edrl.domain.Municipality>
      <fedict.edrl.domain.Municipality>
        <postCode>3050</postCode>
        <nisCode>24086</nisCode>
        <name>Oud-Heverlee</name>
        <utility/>
      </fedict.edrl.domain.Municipality>
      <fedict.edrl.domain.Municipality>
        <postCode>3060</postCode>
        <nisCode>24009</nisCode>
        <name>Bertem</name>
        <utility/>
      </fedict.edrl.domain.Municipality>
      <fedict.edrl.domain.Municipality>
        <postCode>3070</postCode>
        <nisCode>24055</nisCode>
        <name>Kortenberg</name>
        <utility/>
      </fedict.edrl.domain.Municipality>
      <fedict.edrl.domain.Municipality>
        <postCode>3080</postCode>
        <nisCode>24104</nisCode>
        <name>Tervuren</name>
        <utility/>
      </fedict.edrl.domain.Municipality>
      <fedict.edrl.domain.Municipality>
        <postCode>3090</postCode>
        <nisCode>23062</nisCode>
        <name>Overijse</name>
        <utility/>
      </fedict.edrl.domain.Municipality>
      <fedict.edrl.domain.Municipality>
        <postCode>3110</postCode>
        <nisCode>24094</nisCode>
        <name>Rotselaar</name>
        <utility/>
      </fedict.edrl.domain.Municipality>
      <fedict.edrl.domain.Municipality>
        <postCode>3120</postCode>
        <nisCode>24109</nisCode>
        <name>Tremelo</name>
        <utility/>
      </fedict.edrl.domain.Municipality>
      <fedict.edrl.domain.Municipality>
        <postCode>3130</postCode>
        <nisCode>24007</nisCode>
        <name>Begijnendijk</name>
        <utility/>
      </fedict.edrl.domain.Municipality>
      <fedict.edrl.domain.Municipality>
        <postCode>3140</postCode>
        <nisCode>24048</nisCode>
        <name>Keerbergen</name>
        <utility/>
      </fedict.edrl.domain.Municipality>
      <fedict.edrl.domain.Municipality>
        <postCode>3150</postCode>
        <nisCode>24033</nisCode>
        <name>Haacht</name>
        <utility/>
      </fedict.edrl.domain.Municipality>
      <fedict.edrl.domain.Municipality>
        <postCode>3190</postCode>
        <nisCode>24014</nisCode>
        <name>Boortmeerbeek</name>
        <utility/>
      </fedict.edrl.domain.Municipality>
      <fedict.edrl.domain.Municipality>
        <postCode>3200</postCode>
        <nisCode>24001</nisCode>
        <name>Aarschot</name>
        <utility/>
      </fedict.edrl.domain.Municipality>
      <fedict.edrl.domain.Municipality>
        <postCode>3210</postCode>
        <nisCode>24066</nisCode>
        <name>Lubbeek</name>
        <utility/>
      </fedict.edrl.domain.Municipality>
      <fedict.edrl.domain.Municipality>
        <postCode>3220</postCode>
        <nisCode>24043</nisCode>
        <name>Holsbeek</name>
        <utility/>
      </fedict.edrl.domain.Municipality>
      <fedict.edrl.domain.Municipality>
        <postCode>3270</postCode>
        <nisCode>24134</nisCode>
        <name>Scherpenheuvel-Zichem</name>
        <utility/>
      </fedict.edrl.domain.Municipality>
      <fedict.edrl.domain.Municipality>
        <postCode>3290</postCode>
        <nisCode>24020</nisCode>
        <name>Diest</name>
        <utility/>
      </fedict.edrl.domain.Municipality>
      <fedict.edrl.domain.Municipality>
        <postCode>3300</postCode>
        <nisCode>24107</nisCode>
        <name>Tienen</name>
        <utility/>
      </fedict.edrl.domain.Municipality>
      <fedict.edrl.domain.Municipality>
        <postCode>3320</postCode>
        <nisCode>24041</nisCode>
        <name>Hoegaarden</name>
        <utility/>
      </fedict.edrl.domain.Municipality>
      <fedict.edrl.domain.Municipality>
        <postCode>3350</postCode>
        <nisCode>24133</nisCode>
        <name>Linter</name>
        <utility/>
      </fedict.edrl.domain.Municipality>
      <fedict.edrl.domain.Municipality>
        <postCode>3360</postCode>
        <nisCode>24011</nisCode>
        <name>Bierbeek</name>
        <utility/>
      </fedict.edrl.domain.Municipality>
      <fedict.edrl.domain.Municipality>
        <postCode>3370</postCode>
        <nisCode>24016</nisCode>
        <name>Boutersem</name>
        <utility/>
      </fedict.edrl.domain.Municipality>
      <fedict.edrl.domain.Municipality>
        <postCode>3380</postCode>
        <nisCode>24137</nisCode>
        <name>Glabbeek</name>
        <utility/>
      </fedict.edrl.domain.Municipality>
      <fedict.edrl.domain.Municipality>
        <postCode>3390</postCode>
        <nisCode>24135</nisCode>
        <name>Tielt-Winge</name>
        <utility/>
      </fedict.edrl.domain.Municipality>
      <fedict.edrl.domain.Municipality>
        <postCode>3400</postCode>
        <nisCode>24059</nisCode>
        <name>Landen</name>
        <utility/>
      </fedict.edrl.domain.Municipality>
      <fedict.edrl.domain.Municipality>
        <postCode>3440</postCode>
        <nisCode>24130</nisCode>
        <name>Zoutleeuw</name>
        <utility/>
      </fedict.edrl.domain.Municipality>
      <fedict.edrl.domain.Municipality>
        <postCode>3450</postCode>
        <nisCode>24028</nisCode>
        <name>Geetbets</name>
        <utility/>
      </fedict.edrl.domain.Municipality>
      <fedict.edrl.domain.Municipality>
        <postCode>3460</postCode>
        <nisCode>24008</nisCode>
        <name>Bekkevoort</name>
        <utility/>
      </fedict.edrl.domain.Municipality>
      <fedict.edrl.domain.Municipality>
        <postCode>3470</postCode>
        <nisCode>24054</nisCode>
        <name>Kortenaken</name>
        <utility/>
      </fedict.edrl.domain.Municipality>
      <fedict.edrl.domain.Municipality>
        <postCode>3500</postCode>
        <nisCode>71022</nisCode>
        <name>Hasselt</name>
        <utility/>
      </fedict.edrl.domain.Municipality>
      <fedict.edrl.domain.Municipality>
        <postCode>3520</postCode>
        <nisCode>71066</nisCode>
        <name>Zonhoven</name>
        <utility/>
      </fedict.edrl.domain.Municipality>
      <fedict.edrl.domain.Municipality>
        <postCode>3530</postCode>
        <nisCode>72039</nisCode>
        <name>Houthalen-Helchteren</name>
        <utility/>
      </fedict.edrl.domain.Municipality>
      <fedict.edrl.domain.Municipality>
        <postCode>3540</postCode>
        <nisCode>71024</nisCode>
        <name>Herk-de-Stad</name>
        <utility/>
      </fedict.edrl.domain.Municipality>
      <fedict.edrl.domain.Municipality>
        <postCode>3545</postCode>
        <nisCode>71020</nisCode>
        <name>Halen</name>
        <utility/>
      </fedict.edrl.domain.Municipality>
      <fedict.edrl.domain.Municipality>
        <postCode>3550</postCode>
        <nisCode>71070</nisCode>
        <name>Heusden-Zolder</name>
        <utility/>
      </fedict.edrl.domain.Municipality>
      <fedict.edrl.domain.Municipality>
        <postCode>3560</postCode>
        <nisCode>71037</nisCode>
        <name>Lummen</name>
        <utility/>
      </fedict.edrl.domain.Municipality>
      <fedict.edrl.domain.Municipality>
        <postCode>3570</postCode>
        <nisCode>73001</nisCode>
        <name>Alken</name>
        <utility/>
      </fedict.edrl.domain.Municipality>
      <fedict.edrl.domain.Municipality>
        <postCode>3580</postCode>
        <nisCode>71004</nisCode>
        <name>Beringen</name>
        <utility/>
      </fedict.edrl.domain.Municipality>
      <fedict.edrl.domain.Municipality>
        <postCode>3590</postCode>
        <nisCode>71011</nisCode>
        <name>Diepenbeek</name>
        <utility/>
      </fedict.edrl.domain.Municipality>
      <fedict.edrl.domain.Municipality>
        <postCode>3600</postCode>
        <nisCode>71016</nisCode>
        <name>Genk</name>
        <utility/>
      </fedict.edrl.domain.Municipality>
      <fedict.edrl.domain.Municipality>
        <postCode>3620</postCode>
        <nisCode>73042</nisCode>
        <name>Lanaken</name>
        <utility/>
      </fedict.edrl.domain.Municipality>
      <fedict.edrl.domain.Municipality>
        <postCode>3630</postCode>
        <nisCode>73107</nisCode>
        <name>Maasmechelen</name>
        <utility/>
      </fedict.edrl.domain.Municipality>
      <fedict.edrl.domain.Municipality>
        <postCode>3640</postCode>
        <nisCode>72018</nisCode>
        <name>Kinrooi</name>
        <utility/>
      </fedict.edrl.domain.Municipality>
      <fedict.edrl.domain.Municipality>
        <postCode>3650</postCode>
        <nisCode>72041</nisCode>
        <name>Dilsen-Stokkem</name>
        <utility/>
      </fedict.edrl.domain.Municipality>
      <fedict.edrl.domain.Municipality>
        <postCode>3660</postCode>
        <nisCode>71047</nisCode>
        <name>Opglabbeek</name>
        <utility/>
      </fedict.edrl.domain.Municipality>
      <fedict.edrl.domain.Municipality>
        <postCode>3665</postCode>
        <nisCode>71002</nisCode>
        <name>As</name>
        <utility/>
      </fedict.edrl.domain.Municipality>
      <fedict.edrl.domain.Municipality>
        <postCode>3670</postCode>
        <nisCode>72040</nisCode>
        <name>Meeuwen-Gruitrode</name>
        <utility/>
      </fedict.edrl.domain.Municipality>
      <fedict.edrl.domain.Municipality>
        <postCode>3680</postCode>
        <nisCode>72021</nisCode>
        <name>Maaseik</name>
        <utility/>
      </fedict.edrl.domain.Municipality>
      <fedict.edrl.domain.Municipality>
        <postCode>3690</postCode>
        <nisCode>71067</nisCode>
        <name>Zutendaal</name>
        <utility/>
      </fedict.edrl.domain.Municipality>
      <fedict.edrl.domain.Municipality>
        <postCode>3700</postCode>
        <nisCode>73083</nisCode>
        <name>Tongeren</name>
        <utility/>
      </fedict.edrl.domain.Municipality>
      <fedict.edrl.domain.Municipality>
        <postCode>3717</postCode>
        <nisCode>73028</nisCode>
        <name>Herstappe</name>
        <utility/>
      </fedict.edrl.domain.Municipality>
      <fedict.edrl.domain.Municipality>
        <postCode>3720</postCode>
        <nisCode>73040</nisCode>
        <name>Kortessem</name>
        <utility/>
      </fedict.edrl.domain.Municipality>
      <fedict.edrl.domain.Municipality>
        <postCode>3730</postCode>
        <nisCode>73032</nisCode>
        <name>Hoeselt</name>
        <utility/>
      </fedict.edrl.domain.Municipality>
      <fedict.edrl.domain.Municipality>
        <postCode>3740</postCode>
        <nisCode>73006</nisCode>
        <name>Bilzen</name>
        <utility/>
      </fedict.edrl.domain.Municipality>
      <fedict.edrl.domain.Municipality>
        <postCode>3770</postCode>
        <nisCode>73066</nisCode>
        <name>Riemst</name>
        <utility/>
      </fedict.edrl.domain.Municipality>
      <fedict.edrl.domain.Municipality>
        <postCode>3790</postCode>
        <nisCode>73109</nisCode>
        <name>Voeren</name>
        <utility/>
      </fedict.edrl.domain.Municipality>
      <fedict.edrl.domain.Municipality>
        <postCode>3800</postCode>
        <nisCode>71053</nisCode>
        <name>Sint-Truiden</name>
        <utility/>
      </fedict.edrl.domain.Municipality>
      <fedict.edrl.domain.Municipality>
        <postCode>3830</postCode>
        <nisCode>73098</nisCode>
        <name>Wellen</name>
        <utility/>
      </fedict.edrl.domain.Municipality>
      <fedict.edrl.domain.Municipality>
        <postCode>3840</postCode>
        <nisCode>73009</nisCode>
        <name>Borgloon</name>
        <utility/>
      </fedict.edrl.domain.Municipality>
      <fedict.edrl.domain.Municipality>
        <postCode>3850</postCode>
        <nisCode>71045</nisCode>
        <name>Nieuwerkerken (Hasselt)</name>
        <utility/>
      </fedict.edrl.domain.Municipality>
      <fedict.edrl.domain.Municipality>
        <postCode>3870</postCode>
        <nisCode>73022</nisCode>
        <name>Heers</name>
        <utility/>
      </fedict.edrl.domain.Municipality>
      <fedict.edrl.domain.Municipality>
        <postCode>3890</postCode>
        <nisCode>71017</nisCode>
        <name>Gingelom</name>
        <utility/>
      </fedict.edrl.domain.Municipality>
      <fedict.edrl.domain.Municipality>
        <postCode>3900</postCode>
        <nisCode>72029</nisCode>
        <name>Overpelt</name>
        <utility/>
      </fedict.edrl.domain.Municipality>
      <fedict.edrl.domain.Municipality>
        <postCode>3910</postCode>
        <nisCode>72025</nisCode>
        <name>Neerpelt</name>
        <utility/>
      </fedict.edrl.domain.Municipality>
      <fedict.edrl.domain.Municipality>
        <postCode>3920</postCode>
        <nisCode>72020</nisCode>
        <name>Lommel</name>
        <utility/>
      </fedict.edrl.domain.Municipality>
      <fedict.edrl.domain.Municipality>
        <postCode>3930</postCode>
        <nisCode>72037</nisCode>
        <name>Hamont-Achel</name>
        <utility/>
      </fedict.edrl.domain.Municipality>
      <fedict.edrl.domain.Municipality>
        <postCode>3940</postCode>
        <nisCode>72038</nisCode>
        <name>Hechtel-Eksel</name>
        <utility/>
      </fedict.edrl.domain.Municipality>
      <fedict.edrl.domain.Municipality>
        <postCode>3945</postCode>
        <nisCode>71069</nisCode>
        <name>Ham</name>
        <utility/>
      </fedict.edrl.domain.Municipality>
      <fedict.edrl.domain.Municipality>
        <postCode>3950</postCode>
        <nisCode>72003</nisCode>
        <name>Bocholt</name>
        <utility/>
      </fedict.edrl.domain.Municipality>
      <fedict.edrl.domain.Municipality>
        <postCode>3960</postCode>
        <nisCode>72004</nisCode>
        <name>Bree</name>
        <utility/>
      </fedict.edrl.domain.Municipality>
      <fedict.edrl.domain.Municipality>
        <postCode>3970</postCode>
        <nisCode>71034</nisCode>
        <name>Leopoldsburg</name>
        <utility/>
      </fedict.edrl.domain.Municipality>
      <fedict.edrl.domain.Municipality>
        <postCode>3980</postCode>
        <nisCode>71057</nisCode>
        <name>Tessenderlo</name>
        <utility/>
      </fedict.edrl.domain.Municipality>
      <fedict.edrl.domain.Municipality>
        <postCode>3990</postCode>
        <nisCode>72030</nisCode>
        <name>Peer</name>
        <utility/>
      </fedict.edrl.domain.Municipality>
      <fedict.edrl.domain.Municipality>
        <postCode>8000</postCode>
        <nisCode>31005</nisCode>
        <name>Brugge</name>
        <utility/>
      </fedict.edrl.domain.Municipality>
      <fedict.edrl.domain.Municipality>
        <postCode>8020</postCode>
        <nisCode>31022</nisCode>
        <name>Oostkamp</name>
        <utility/>
      </fedict.edrl.domain.Municipality>
      <fedict.edrl.domain.Municipality>
        <postCode>8210</postCode>
        <nisCode>31040</nisCode>
        <name>Zedelgem</name>
        <utility/>
      </fedict.edrl.domain.Municipality>
      <fedict.edrl.domain.Municipality>
        <postCode>8300</postCode>
        <nisCode>31043</nisCode>
        <name>Knokke-Heist</name>
        <utility/>
      </fedict.edrl.domain.Municipality>
      <fedict.edrl.domain.Municipality>
        <postCode>8340</postCode>
        <nisCode>31006</nisCode>
        <name>Damme</name>
        <utility/>
      </fedict.edrl.domain.Municipality>
      <fedict.edrl.domain.Municipality>
        <postCode>8370</postCode>
        <nisCode>31004</nisCode>
        <name>Blankenberge</name>
        <utility/>
      </fedict.edrl.domain.Municipality>
      <fedict.edrl.domain.Municipality>
        <postCode>8377</postCode>
        <nisCode>31042</nisCode>
        <name>Zuienkerke</name>
        <utility/>
      </fedict.edrl.domain.Municipality>
      <fedict.edrl.domain.Municipality>
        <postCode>8400</postCode>
        <nisCode>35013</nisCode>
        <name>Oostende</name>
        <utility/>
      </fedict.edrl.domain.Municipality>
      <fedict.edrl.domain.Municipality>
        <postCode>8420</postCode>
        <nisCode>35029</nisCode>
        <name>De Haan</name>
        <utility/>
      </fedict.edrl.domain.Municipality>
      <fedict.edrl.domain.Municipality>
        <postCode>8430</postCode>
        <nisCode>35011</nisCode>
        <name>Middelkerke</name>
        <utility/>
      </fedict.edrl.domain.Municipality>
      <fedict.edrl.domain.Municipality>
        <postCode>8450</postCode>
        <nisCode>35002</nisCode>
        <name>Bredene</name>
        <utility/>
      </fedict.edrl.domain.Municipality>
      <fedict.edrl.domain.Municipality>
        <postCode>8460</postCode>
        <nisCode>35014</nisCode>
        <name>Oudenburg</name>
        <utility/>
      </fedict.edrl.domain.Municipality>
      <fedict.edrl.domain.Municipality>
        <postCode>8470</postCode>
        <nisCode>35005</nisCode>
        <name>Gistel</name>
        <utility/>
      </fedict.edrl.domain.Municipality>
      <fedict.edrl.domain.Municipality>
        <postCode>8480</postCode>
        <nisCode>35006</nisCode>
        <name>Ichtegem</name>
        <utility/>
      </fedict.edrl.domain.Municipality>
      <fedict.edrl.domain.Municipality>
        <postCode>8490</postCode>
        <nisCode>31012</nisCode>
        <name>Jabbeke</name>
        <utility/>
      </fedict.edrl.domain.Municipality>
      <fedict.edrl.domain.Municipality>
        <postCode>8500</postCode>
        <nisCode>34022</nisCode>
        <name>Kortrijk</name>
        <utility/>
      </fedict.edrl.domain.Municipality>
      <fedict.edrl.domain.Municipality>
        <postCode>8520</postCode>
        <nisCode>34023</nisCode>
        <name>Kuurne</name>
        <utility/>
      </fedict.edrl.domain.Municipality>
      <fedict.edrl.domain.Municipality>
        <postCode>8530</postCode>
        <nisCode>34013</nisCode>
        <name>Harelbeke</name>
        <utility/>
      </fedict.edrl.domain.Municipality>
      <fedict.edrl.domain.Municipality>
        <postCode>8540</postCode>
        <nisCode>34009</nisCode>
        <name>Deerlijk</name>
        <utility/>
      </fedict.edrl.domain.Municipality>
      <fedict.edrl.domain.Municipality>
        <postCode>8550</postCode>
        <nisCode>34042</nisCode>
        <name>Zwevegem</name>
        <utility/>
      </fedict.edrl.domain.Municipality>
      <fedict.edrl.domain.Municipality>
        <postCode>8560</postCode>
        <nisCode>34041</nisCode>
        <name>Wevelgem</name>
        <utility/>
      </fedict.edrl.domain.Municipality>
      <fedict.edrl.domain.Municipality>
        <postCode>8570</postCode>
        <nisCode>34002</nisCode>
        <name>Anzegem</name>
        <utility/>
      </fedict.edrl.domain.Municipality>
      <fedict.edrl.domain.Municipality>
        <postCode>8580</postCode>
        <nisCode>34003</nisCode>
        <name>Avelgem</name>
        <utility/>
      </fedict.edrl.domain.Municipality>
      <fedict.edrl.domain.Municipality>
        <postCode>8587</postCode>
        <nisCode>34043</nisCode>
        <name>Spiere-Helkijn</name>
        <utility/>
      </fedict.edrl.domain.Municipality>
      <fedict.edrl.domain.Municipality>
        <postCode>8600</postCode>
        <nisCode>32003</nisCode>
        <name>Diksmuide</name>
        <utility/>
      </fedict.edrl.domain.Municipality>
      <fedict.edrl.domain.Municipality>
        <postCode>8610</postCode>
        <nisCode>32011</nisCode>
        <name>Kortemark</name>
        <utility/>
      </fedict.edrl.domain.Municipality>
      <fedict.edrl.domain.Municipality>
        <postCode>8620</postCode>
        <nisCode>38016</nisCode>
        <name>Nieuwpoort</name>
        <utility/>
      </fedict.edrl.domain.Municipality>
      <fedict.edrl.domain.Municipality>
        <postCode>8630</postCode>
        <nisCode>38025</nisCode>
        <name>Veurne</name>
        <utility/>
      </fedict.edrl.domain.Municipality>
      <fedict.edrl.domain.Municipality>
        <postCode>8640</postCode>
        <nisCode>33041</nisCode>
        <name>Vleteren</name>
        <utility/>
      </fedict.edrl.domain.Municipality>
      <fedict.edrl.domain.Municipality>
        <postCode>8647</postCode>
        <nisCode>32030</nisCode>
        <name>Lo-Reninge</name>
        <utility/>
      </fedict.edrl.domain.Municipality>
      <fedict.edrl.domain.Municipality>
        <postCode>8650</postCode>
        <nisCode>32006</nisCode>
        <name>Houthulst</name>
        <utility/>
      </fedict.edrl.domain.Municipality>
      <fedict.edrl.domain.Municipality>
        <postCode>8660</postCode>
        <nisCode>38008</nisCode>
        <name>De Panne</name>
        <utility/>
      </fedict.edrl.domain.Municipality>
      <fedict.edrl.domain.Municipality>
        <postCode>8670</postCode>
        <nisCode>38014</nisCode>
        <name>Koksijde</name>
        <utility/>
      </fedict.edrl.domain.Municipality>
      <fedict.edrl.domain.Municipality>
        <postCode>8680</postCode>
        <nisCode>32010</nisCode>
        <name>Koekelare</name>
        <utility/>
      </fedict.edrl.domain.Municipality>
      <fedict.edrl.domain.Municipality>
        <postCode>8690</postCode>
        <nisCode>38002</nisCode>
        <name>Alveringem</name>
        <utility/>
      </fedict.edrl.domain.Municipality>
      <fedict.edrl.domain.Municipality>
        <postCode>8700</postCode>
        <nisCode>37015</nisCode>
        <name>Tielt (Tielt)</name>
        <utility/>
      </fedict.edrl.domain.Municipality>
      <fedict.edrl.domain.Municipality>
        <postCode>8710</postCode>
        <nisCode>37017</nisCode>
        <name>Wielsbeke</name>
        <utility/>
      </fedict.edrl.domain.Municipality>
      <fedict.edrl.domain.Municipality>
        <postCode>8720</postCode>
        <nisCode>37002</nisCode>
        <name>Dentergem</name>
        <utility/>
      </fedict.edrl.domain.Municipality>
      <fedict.edrl.domain.Municipality>
        <postCode>8730</postCode>
        <nisCode>31003</nisCode>
        <name>Beernem</name>
        <utility/>
      </fedict.edrl.domain.Municipality>
      <fedict.edrl.domain.Municipality>
        <postCode>8740</postCode>
        <nisCode>37011</nisCode>
        <name>Pittem</name>
        <utility/>
      </fedict.edrl.domain.Municipality>
      <fedict.edrl.domain.Municipality>
        <postCode>8750</postCode>
        <nisCode>37018</nisCode>
        <name>Wingene</name>
        <utility/>
      </fedict.edrl.domain.Municipality>
      <fedict.edrl.domain.Municipality>
        <postCode>8755</postCode>
        <nisCode>37012</nisCode>
        <name>Ruiselede</name>
        <utility/>
      </fedict.edrl.domain.Municipality>
      <fedict.edrl.domain.Municipality>
        <postCode>8760</postCode>
        <nisCode>37007</nisCode>
        <name>Meulebeke</name>
        <utility/>
      </fedict.edrl.domain.Municipality>
      <fedict.edrl.domain.Municipality>
        <postCode>8770</postCode>
        <nisCode>36007</nisCode>
        <name>Ingelmunster</name>
        <utility/>
      </fedict.edrl.domain.Municipality>
      <fedict.edrl.domain.Municipality>
        <postCode>8780</postCode>
        <nisCode>37010</nisCode>
        <name>Oostrozebeke</name>
        <utility/>
      </fedict.edrl.domain.Municipality>
      <fedict.edrl.domain.Municipality>
        <postCode>8790</postCode>
        <nisCode>34040</nisCode>
        <name>Waregem</name>
        <utility/>
      </fedict.edrl.domain.Municipality>
      <fedict.edrl.domain.Municipality>
        <postCode>8800</postCode>
        <nisCode>36015</nisCode>
        <name>Roeselare</name>
        <utility/>
      </fedict.edrl.domain.Municipality>
      <fedict.edrl.domain.Municipality>
        <postCode>8810</postCode>
        <nisCode>36011</nisCode>
        <name>Lichtervelde</name>
        <utility/>
      </fedict.edrl.domain.Municipality>
      <fedict.edrl.domain.Municipality>
        <postCode>8820</postCode>
        <nisCode>31033</nisCode>
        <name>Torhout</name>
        <utility/>
      </fedict.edrl.domain.Municipality>
      <fedict.edrl.domain.Municipality>
        <postCode>8830</postCode>
        <nisCode>36006</nisCode>
        <name>Hooglede</name>
        <utility/>
      </fedict.edrl.domain.Municipality>
      <fedict.edrl.domain.Municipality>
        <postCode>8840</postCode>
        <nisCode>36019</nisCode>
        <name>Staden</name>
        <utility/>
      </fedict.edrl.domain.Municipality>
      <fedict.edrl.domain.Municipality>
        <postCode>8850</postCode>
        <nisCode>37020</nisCode>
        <name>Ardooie</name>
        <utility/>
      </fedict.edrl.domain.Municipality>
      <fedict.edrl.domain.Municipality>
        <postCode>8860</postCode>
        <nisCode>34025</nisCode>
        <name>Lendelede</name>
        <utility/>
      </fedict.edrl.domain.Municipality>
      <fedict.edrl.domain.Municipality>
        <postCode>8870</postCode>
        <nisCode>36008</nisCode>
        <name>Izegem</name>
        <utility/>
      </fedict.edrl.domain.Municipality>
      <fedict.edrl.domain.Municipality>
        <postCode>8880</postCode>
        <nisCode>36010</nisCode>
        <name>Ledegem</name>
        <utility/>
      </fedict.edrl.domain.Municipality>
      <fedict.edrl.domain.Municipality>
        <postCode>8890</postCode>
        <nisCode>36012</nisCode>
        <name>Moorslede</name>
        <utility/>
      </fedict.edrl.domain.Municipality>
      <fedict.edrl.domain.Municipality>
        <postCode>8900</postCode>
        <nisCode>33011</nisCode>
        <name>Ieper</name>
        <utility/>
      </fedict.edrl.domain.Municipality>
      <fedict.edrl.domain.Municipality>
        <postCode>8920</postCode>
        <nisCode>33040</nisCode>
        <name>Langemark-Poelkapelle</name>
        <utility/>
      </fedict.edrl.domain.Municipality>
      <fedict.edrl.domain.Municipality>
        <postCode>8930</postCode>
        <nisCode>34027</nisCode>
        <name>Menen</name>
        <utility/>
      </fedict.edrl.domain.Municipality>
      <fedict.edrl.domain.Municipality>
        <postCode>8940</postCode>
        <nisCode>33029</nisCode>
        <name>Wervik</name>
        <utility/>
      </fedict.edrl.domain.Municipality>
      <fedict.edrl.domain.Municipality>
        <postCode>8950</postCode>
        <nisCode>33039</nisCode>
        <name>Heuvelland</name>
        <utility/>
      </fedict.edrl.domain.Municipality>
      <fedict.edrl.domain.Municipality>
        <postCode>8957</postCode>
        <nisCode>33016</nisCode>
        <name>Mesen</name>
        <utility/>
      </fedict.edrl.domain.Municipality>
      <fedict.edrl.domain.Municipality>
        <postCode>8970</postCode>
        <nisCode>33021</nisCode>
        <name>Poperinge</name>
        <utility/>
      </fedict.edrl.domain.Municipality>
      <fedict.edrl.domain.Municipality>
        <postCode>8980</postCode>
        <nisCode>33037</nisCode>
        <name>Zonnebeke</name>
        <utility/>
      </fedict.edrl.domain.Municipality>
      <fedict.edrl.domain.Municipality>
        <postCode>9000</postCode>
        <nisCode>44021</nisCode>
        <name>Gent</name>
        <utility/>
      </fedict.edrl.domain.Municipality>
      <fedict.edrl.domain.Municipality>
        <postCode>9060</postCode>
        <nisCode>43018</nisCode>
        <name>Zelzate</name>
        <utility/>
      </fedict.edrl.domain.Municipality>
      <fedict.edrl.domain.Municipality>
        <postCode>9070</postCode>
        <nisCode>44013</nisCode>
        <name>Destelbergen</name>
        <utility/>
      </fedict.edrl.domain.Municipality>
      <fedict.edrl.domain.Municipality>
        <postCode>9080</postCode>
        <nisCode>44034</nisCode>
        <name>Lochristi</name>
        <utility/>
      </fedict.edrl.domain.Municipality>
      <fedict.edrl.domain.Municipality>
        <postCode>9090</postCode>
        <nisCode>44040</nisCode>
        <name>Melle</name>
        <utility/>
      </fedict.edrl.domain.Municipality>
      <fedict.edrl.domain.Municipality>
        <postCode>9100</postCode>
        <nisCode>46021</nisCode>
        <name>Sint-Niklaas (Sint-Niklaas)</name>
        <utility/>
      </fedict.edrl.domain.Municipality>
      <fedict.edrl.domain.Municipality>
        <postCode>9120</postCode>
        <nisCode>46003</nisCode>
        <name>Beveren (Sint-Niklaas)</name>
        <utility/>
      </fedict.edrl.domain.Municipality>
      <fedict.edrl.domain.Municipality>
        <postCode>9140</postCode>
        <nisCode>46025</nisCode>
        <name>Temse</name>
        <utility/>
      </fedict.edrl.domain.Municipality>
      <fedict.edrl.domain.Municipality>
        <postCode>9150</postCode>
        <nisCode>46013</nisCode>
        <name>Kruibeke</name>
        <utility/>
      </fedict.edrl.domain.Municipality>
      <fedict.edrl.domain.Municipality>
        <postCode>9160</postCode>
        <nisCode>46014</nisCode>
        <name>Lokeren</name>
        <utility/>
      </fedict.edrl.domain.Municipality>
      <fedict.edrl.domain.Municipality>
        <postCode>9170</postCode>
        <nisCode>46020</nisCode>
        <name>Sint-Gillis-Waas</name>
        <utility/>
      </fedict.edrl.domain.Municipality>
      <fedict.edrl.domain.Municipality>
        <postCode>9180</postCode>
        <nisCode>44045</nisCode>
        <name>Moerbeke (Gent)</name>
        <utility/>
      </fedict.edrl.domain.Municipality>
      <fedict.edrl.domain.Municipality>
        <postCode>9185</postCode>
        <nisCode>44073</nisCode>
        <name>Wachtebeke</name>
        <utility/>
      </fedict.edrl.domain.Municipality>
      <fedict.edrl.domain.Municipality>
        <postCode>9190</postCode>
        <nisCode>46024</nisCode>
        <name>Stekene</name>
        <utility/>
      </fedict.edrl.domain.Municipality>
      <fedict.edrl.domain.Municipality>
        <postCode>9200</postCode>
        <nisCode>42006</nisCode>
        <name>Dendermonde</name>
        <utility/>
      </fedict.edrl.domain.Municipality>
      <fedict.edrl.domain.Municipality>
        <postCode>9220</postCode>
        <nisCode>42008</nisCode>
        <name>Hamme (Dendermonde)</name>
        <utility/>
      </fedict.edrl.domain.Municipality>
      <fedict.edrl.domain.Municipality>
        <postCode>9230</postCode>
        <nisCode>42025</nisCode>
        <name>Wetteren</name>
        <utility/>
      </fedict.edrl.domain.Municipality>
      <fedict.edrl.domain.Municipality>
        <postCode>9240</postCode>
        <nisCode>42028</nisCode>
        <name>Zele</name>
        <utility/>
      </fedict.edrl.domain.Municipality>
      <fedict.edrl.domain.Municipality>
        <postCode>9250</postCode>
        <nisCode>42023</nisCode>
        <name>Waasmunster</name>
        <utility/>
      </fedict.edrl.domain.Municipality>
      <fedict.edrl.domain.Municipality>
        <postCode>9255</postCode>
        <nisCode>42004</nisCode>
        <name>Buggenhout</name>
        <utility/>
      </fedict.edrl.domain.Municipality>
      <fedict.edrl.domain.Municipality>
        <postCode>9260</postCode>
        <nisCode>42026</nisCode>
        <name>Wichelen</name>
        <utility/>
      </fedict.edrl.domain.Municipality>
      <fedict.edrl.domain.Municipality>
        <postCode>9270</postCode>
        <nisCode>42010</nisCode>
        <name>Laarne</name>
        <utility/>
      </fedict.edrl.domain.Municipality>
      <fedict.edrl.domain.Municipality>
        <postCode>9280</postCode>
        <nisCode>42011</nisCode>
        <name>Lebbeke</name>
        <utility/>
      </fedict.edrl.domain.Municipality>
      <fedict.edrl.domain.Municipality>
        <postCode>9290</postCode>
        <nisCode>42003</nisCode>
        <name>Berlare</name>
        <utility/>
      </fedict.edrl.domain.Municipality>
      <fedict.edrl.domain.Municipality>
        <postCode>9300</postCode>
        <nisCode>41002</nisCode>
        <name>Aalst (Aalst)</name>
        <utility/>
      </fedict.edrl.domain.Municipality>
      <fedict.edrl.domain.Municipality>
        <postCode>9340</postCode>
        <nisCode>41034</nisCode>
        <name>Lede</name>
        <utility/>
      </fedict.edrl.domain.Municipality>
      <fedict.edrl.domain.Municipality>
        <postCode>9400</postCode>
        <nisCode>41048</nisCode>
        <name>Ninove</name>
        <utility/>
      </fedict.edrl.domain.Municipality>
      <fedict.edrl.domain.Municipality>
        <postCode>9420</postCode>
        <nisCode>41082</nisCode>
        <name>Erpe-Mere</name>
        <utility/>
      </fedict.edrl.domain.Municipality>
      <fedict.edrl.domain.Municipality>
        <postCode>9450</postCode>
        <nisCode>41024</nisCode>
        <name>Haaltert</name>
        <utility/>
      </fedict.edrl.domain.Municipality>
      <fedict.edrl.domain.Municipality>
        <postCode>9470</postCode>
        <nisCode>41011</nisCode>
        <name>Denderleeuw</name>
        <utility/>
      </fedict.edrl.domain.Municipality>
      <fedict.edrl.domain.Municipality>
        <postCode>9500</postCode>
        <nisCode>41018</nisCode>
        <name>Geraardsbergen</name>
        <utility/>
      </fedict.edrl.domain.Municipality>
      <fedict.edrl.domain.Municipality>
        <postCode>9520</postCode>
        <nisCode>41063</nisCode>
        <name>Sint-Lievens-Houtem</name>
        <utility/>
      </fedict.edrl.domain.Municipality>
      <fedict.edrl.domain.Municipality>
        <postCode>9550</postCode>
        <nisCode>41027</nisCode>
        <name>Herzele</name>
        <utility/>
      </fedict.edrl.domain.Municipality>
      <fedict.edrl.domain.Municipality>
        <postCode>9570</postCode>
        <nisCode>45063</nisCode>
        <name>Lierde</name>
        <utility/>
      </fedict.edrl.domain.Municipality>
      <fedict.edrl.domain.Municipality>
        <postCode>9600</postCode>
        <nisCode>45041</nisCode>
        <name>Ronse</name>
        <utility/>
      </fedict.edrl.domain.Municipality>
      <fedict.edrl.domain.Municipality>
        <postCode>9620</postCode>
        <nisCode>41081</nisCode>
        <name>Zottegem</name>
        <utility/>
      </fedict.edrl.domain.Municipality>
      <fedict.edrl.domain.Municipality>
        <postCode>9630</postCode>
        <nisCode>45065</nisCode>
        <name>Zwalm</name>
        <utility/>
      </fedict.edrl.domain.Municipality>
      <fedict.edrl.domain.Municipality>
        <postCode>9660</postCode>
        <nisCode>45059</nisCode>
        <name>Brakel</name>
        <utility/>
      </fedict.edrl.domain.Municipality>
      <fedict.edrl.domain.Municipality>
        <postCode>9667</postCode>
        <nisCode>45062</nisCode>
        <name>Horebeke</name>
        <utility/>
      </fedict.edrl.domain.Municipality>
      <fedict.edrl.domain.Municipality>
        <postCode>9680</postCode>
        <nisCode>45064</nisCode>
        <name>Maarkedal</name>
        <utility/>
      </fedict.edrl.domain.Municipality>
      <fedict.edrl.domain.Municipality>
        <postCode>9690</postCode>
        <nisCode>45060</nisCode>
        <name>Kluisbergen</name>
        <utility/>
      </fedict.edrl.domain.Municipality>
      <fedict.edrl.domain.Municipality>
        <postCode>9700</postCode>
        <nisCode>45035</nisCode>
        <name>Oudenaarde</name>
        <utility/>
      </fedict.edrl.domain.Municipality>
      <fedict.edrl.domain.Municipality>
        <postCode>9750</postCode>
        <nisCode>45057</nisCode>
        <name>Zingem</name>
        <utility/>
      </fedict.edrl.domain.Municipality>
      <fedict.edrl.domain.Municipality>
        <postCode>9770</postCode>
        <nisCode>45017</nisCode>
        <name>Kruishoutem</name>
        <utility/>
      </fedict.edrl.domain.Municipality>
      <fedict.edrl.domain.Municipality>
        <postCode>9790</postCode>
        <nisCode>45061</nisCode>
        <name>Wortegem-Petegem</name>
        <utility/>
      </fedict.edrl.domain.Municipality>
      <fedict.edrl.domain.Municipality>
        <postCode>9800</postCode>
        <nisCode>44011</nisCode>
        <name>Deinze</name>
        <utility/>
      </fedict.edrl.domain.Municipality>
      <fedict.edrl.domain.Municipality>
        <postCode>9810</postCode>
        <nisCode>44048</nisCode>
        <name>Nazareth</name>
        <utility/>
      </fedict.edrl.domain.Municipality>
      <fedict.edrl.domain.Municipality>
        <postCode>9820</postCode>
        <nisCode>44043</nisCode>
        <name>Merelbeke</name>
        <utility/>
      </fedict.edrl.domain.Municipality>
      <fedict.edrl.domain.Municipality>
        <postCode>9830</postCode>
        <nisCode>44064</nisCode>
        <name>Sint-Martens-Latem</name>
        <utility/>
      </fedict.edrl.domain.Municipality>
      <fedict.edrl.domain.Municipality>
        <postCode>9840</postCode>
        <nisCode>44012</nisCode>
        <name>De Pinte</name>
        <utility/>
      </fedict.edrl.domain.Municipality>
      <fedict.edrl.domain.Municipality>
        <postCode>9850</postCode>
        <nisCode>44049</nisCode>
        <name>Nevele</name>
        <utility/>
      </fedict.edrl.domain.Municipality>
      <fedict.edrl.domain.Municipality>
        <postCode>9860</postCode>
        <nisCode>44052</nisCode>
        <name>Oosterzele</name>
        <utility/>
      </fedict.edrl.domain.Municipality>
      <fedict.edrl.domain.Municipality>
        <postCode>9870</postCode>
        <nisCode>44081</nisCode>
        <name>Zulte</name>
        <utility/>
      </fedict.edrl.domain.Municipality>
      <fedict.edrl.domain.Municipality>
        <postCode>9880</postCode>
        <nisCode>44001</nisCode>
        <name>Aalter</name>
        <utility/>
      </fedict.edrl.domain.Municipality>
      <fedict.edrl.domain.Municipality>
        <postCode>9890</postCode>
        <nisCode>44020</nisCode>
        <name>Gavere</name>
        <utility/>
      </fedict.edrl.domain.Municipality>
      <fedict.edrl.domain.Municipality>
        <postCode>9900</postCode>
        <nisCode>43005</nisCode>
        <name>Eeklo</name>
        <utility/>
      </fedict.edrl.domain.Municipality>
      <fedict.edrl.domain.Municipality>
        <postCode>9910</postCode>
        <nisCode>44029</nisCode>
        <name>Knesselare</name>
        <utility/>
      </fedict.edrl.domain.Municipality>
      <fedict.edrl.domain.Municipality>
        <postCode>9920</postCode>
        <nisCode>44036</nisCode>
        <name>Lovendegem</name>
        <utility/>
      </fedict.edrl.domain.Municipality>
      <fedict.edrl.domain.Municipality>
        <postCode>9930</postCode>
        <nisCode>44080</nisCode>
        <name>Zomergem</name>
        <utility/>
      </fedict.edrl.domain.Municipality>
      <fedict.edrl.domain.Municipality>
        <postCode>9940</postCode>
        <nisCode>44019</nisCode>
        <name>Evergem</name>
        <utility/>
      </fedict.edrl.domain.Municipality>
      <fedict.edrl.domain.Municipality>
        <postCode>9950</postCode>
        <nisCode>44072</nisCode>
        <name>Waarschoot</name>
        <utility/>
      </fedict.edrl.domain.Municipality>
      <fedict.edrl.domain.Municipality>
        <postCode>9960</postCode>
        <nisCode>43002</nisCode>
        <name>Assenede</name>
        <utility/>
      </fedict.edrl.domain.Municipality>
      <fedict.edrl.domain.Municipality>
        <postCode>9970</postCode>
        <nisCode>43007</nisCode>
        <name>Kaprijke</name>
        <utility/>
      </fedict.edrl.domain.Municipality>
      <fedict.edrl.domain.Municipality>
        <postCode>9980</postCode>
        <nisCode>43014</nisCode>
        <name>Sint-Laureins</name>
        <utility/>
      </fedict.edrl.domain.Municipality>
      <fedict.edrl.domain.Municipality>
        <postCode>9990</postCode>
        <nisCode>43010</nisCode>
        <name>Maldegem</name>
        <utility/>
      </fedict.edrl.domain.Municipality>
    </municipalities>
    <address>
      <addressId>
        <mainCode>FED/Ordre Barreaux VL/Orde Advocaten VL</mainCode>
        <subCode>-</subCode>
        <addressType>ADMINISTRATION</addressType>
      </addressId>
      <box></box>
      <building></building>
      <contactCenter></contactCenter>
      <contactCenterTelephone></contactCenterTelephone>
      <description>&lt;div class=ExternalClassC43C45AEEA714778A01D0941A59A9ABC&gt;&lt;div&gt;Die Kammer ist die Standesorganisation, in der alle Anwälte und Anwältinnen eines Gebiets (Gerichtsbezirk) organisiert sind. Um seinen Beruf ausüben zu können, muss jeder Anwalt einer Kammer angehören.&lt;/div&gt;&lt;/div&gt;</description>
      <email>info@advocaat.be</email>
      <fax>+32(0)222754</fax>
      <municipality>Bruxelles</municipality>
      <nisCode></nisCode>
      <number>148</number>
      <postcode>1000</postcode>
      <remark>&lt;div class=ExternalClass70A2D11A8DAC4E0A85D790184BD87A41&gt;&lt;div&gt;Scope obligatoire&lt;/div&gt;&lt;/div&gt;</remark>
      <street>Rue Royale</street>
      <telephone>+32(0)222754</telephone>
      <website>http://www.advocaat.be</website>
      <utility/>
    </address>
    <type>ADMINISTRATION</type>
    <municipalityType>LIST</municipalityType>
  </responsibleAdministration>
  <sanctions></sanctions>
  <specificLegalMeansDescription></specificLegalMeansDescription>
  <legalBases>
    <fedict.edrl.domain.Link>
      <url></url>
      <description></description>
      <utility/>
    </fedict.edrl.domain.Link>
  </legalBases>
  <additionalInformation>
    <fedict.edrl.domain.Link>
      <url></url>
      <description></description>
      <utility/>
    </fedict.edrl.domain.Link>
  </additionalInformation>
  <providerSpecificLegalMeansDescription></providerSpecificLegalMeansDescription>
  <products/>
  <utility defined-in="fedict.edrl.domain.AbstractProcedure"/>
  <longDescription></longDescription>
  <utility/>
</fedict.edrl.domain.Requirement>