<fedict.edrl.domain.Requirement>
  <contentId>50203</contentId>
  <templateVersion>1,85</templateVersion>
  <language>DE</language>
  <lifecycle>START</lifecycle>
  <indicators>
    <targetGroup>
      <belgianCompany>false</belgianCompany>
      <euServiceProvider>false</euServiceProvider>
      <nonEuServiceProvider>false</nonEuServiceProvider>
      <euTemporaryServiceProvider>true</euTemporaryServiceProvider>
      <nonEuTemporaryServiceProvider>false</nonEuTemporaryServiceProvider>
    </targetGroup>
    <domain>
      <specificActivity>true</specificActivity>
      <building>false</building>
      <company>false</company>
      <registration>false</registration>
      <socialSecurity>false</socialSecurity>
      <taxation>false</taxation>
      <recruitment>false</recruitment>
    </domain>
    <companyType>
      <naturalPerson>true</naturalPerson>
      <lawPerson>false</lawPerson>
      <nonLawPerson>false</nonLawPerson>
    </companyType>
    <entity>
      <company>false</company>
      <unit>false</unit>
      <person>true</person>
      <property>false</property>
    </entity>
    <countryPart>
      <dutch>false</dutch>
      <french>true</french>
      <german>true</german>
      <brussels>true</brussels>
    </countryPart>
  </indicators>
  <principal>true</principal>
  <displayOrder>10000</displayOrder>
  <commonSectorType>LIST</commonSectorType>
  <possibleSectorType>LIST</possibleSectorType>
  <legalMeansType>SPECIFIC</legalMeansType>
  <providerLegalMeansType>SPECIFIC</providerLegalMeansType>
  <translated>false</translated>
  <original>false</original>
  <version>1</version>
  <title>Die Freiheit eines Rechtsanwaltes aus einem anderen EU-Mitgliedstaat vorübergehende Dienste in Belgien zu leisten</title>
  <applicationSummary></applicationSummary>
  <shortDescription></shortDescription>
  <applicableTo></applicableTo>
  <applicableExceptions></applicableExceptions>
  <formalities></formalities>
  <commonSectors>
    <fedict.edrl.domain.Sector>
      <code>11 - Professions Libérales Intellectuelles / Vrije Intellectuele Beroepen</code>
      <name>Freie und geistige Berufe (andere als  Gesundheitspflegeberufe)</name>
      <language>DE</language>
      <displaySector>true</displaySector>
      <utility/>
    </fedict.edrl.domain.Sector>
  </commonSectors>
  <commonActivities>
    <fedict.edrl.domain.Activity>
      <activityCode>03 - Avocats / Advocaten</activityCode>
      <sectorCode>11 - Professions Libérales Intellectuelles / Vrije Intellectuele Beroepen</sectorCode>
      <name>Rechtsanwälte</name>
      <displayActivity>true</displayActivity>
      <language>DE</language>
    </fedict.edrl.domain.Activity>
  </commonActivities>
  <possibleSectors/>
  <possibleActivities/>
  <responsibleAdministration>
    <politicalLevel>
      <utility/>
    </politicalLevel>
    <administration>
      <code>FED/Ordre Barreaux FR GE/Orde Advocaten FR DE</code>
      <politicalLevelCode>FED</politicalLevelCode>
      <organismType>Admin (headquarter)</organismType>
      <companyNumber></companyNumber>
      <name>French-speaking and German-speaking Bar Association</name>
      <description>Kammer der französischsprachigen und deutschsprachigen Rechtsanwaltschaften</description>
      <utility/>
    </administration>
    <municipalities>
      <fedict.edrl.domain.Municipality>
        <postCode>1000</postCode>
        <nisCode>21004</nisCode>
        <name>Brüssel</name>
        <utility/>
      </fedict.edrl.domain.Municipality>
      <fedict.edrl.domain.Municipality>
        <postCode>1030</postCode>
        <nisCode>21015</nisCode>
        <name>Schaerbeek</name>
        <utility/>
      </fedict.edrl.domain.Municipality>
      <fedict.edrl.domain.Municipality>
        <postCode>1040</postCode>
        <nisCode>21005</nisCode>
        <name>Etterbeek</name>
        <utility/>
      </fedict.edrl.domain.Municipality>
      <fedict.edrl.domain.Municipality>
        <postCode>1050</postCode>
        <nisCode>21009</nisCode>
        <name>Ixelles</name>
        <utility/>
      </fedict.edrl.domain.Municipality>
      <fedict.edrl.domain.Municipality>
        <postCode>1060</postCode>
        <nisCode>21013</nisCode>
        <name>Saint-Gilles</name>
        <utility/>
      </fedict.edrl.domain.Municipality>
      <fedict.edrl.domain.Municipality>
        <postCode>1070</postCode>
        <nisCode>21001</nisCode>
        <name>Anderlecht</name>
        <utility/>
      </fedict.edrl.domain.Municipality>
      <fedict.edrl.domain.Municipality>
        <postCode>1080</postCode>
        <nisCode>21012</nisCode>
        <name>Molenbeek-Saint-Jean</name>
        <utility/>
      </fedict.edrl.domain.Municipality>
      <fedict.edrl.domain.Municipality>
        <postCode>1081</postCode>
        <nisCode>21011</nisCode>
        <name>Koekelberg</name>
        <utility/>
      </fedict.edrl.domain.Municipality>
      <fedict.edrl.domain.Municipality>
        <postCode>1082</postCode>
        <nisCode>21003</nisCode>
        <name>Berchem-Sainte-Agathe</name>
        <utility/>
      </fedict.edrl.domain.Municipality>
      <fedict.edrl.domain.Municipality>
        <postCode>1083</postCode>
        <nisCode>21008</nisCode>
        <name>Ganshoren</name>
        <utility/>
      </fedict.edrl.domain.Municipality>
      <fedict.edrl.domain.Municipality>
        <postCode>1090</postCode>
        <nisCode>21010</nisCode>
        <name>Jette</name>
        <utility/>
      </fedict.edrl.domain.Municipality>
      <fedict.edrl.domain.Municipality>
        <postCode>1140</postCode>
        <nisCode>21006</nisCode>
        <name>Evere</name>
        <utility/>
      </fedict.edrl.domain.Municipality>
      <fedict.edrl.domain.Municipality>
        <postCode>1150</postCode>
        <nisCode>21019</nisCode>
        <name>Woluwe-Saint-Pierre</name>
        <utility/>
      </fedict.edrl.domain.Municipality>
      <fedict.edrl.domain.Municipality>
        <postCode>1160</postCode>
        <nisCode>21002</nisCode>
        <name>Auderghem</name>
        <utility/>
      </fedict.edrl.domain.Municipality>
      <fedict.edrl.domain.Municipality>
        <postCode>1170</postCode>
        <nisCode>21017</nisCode>
        <name>Watermael-Boitsfort</name>
        <utility/>
      </fedict.edrl.domain.Municipality>
      <fedict.edrl.domain.Municipality>
        <postCode>1180</postCode>
        <nisCode>21016</nisCode>
        <name>Uccle</name>
        <utility/>
      </fedict.edrl.domain.Municipality>
      <fedict.edrl.domain.Municipality>
        <postCode>1190</postCode>
        <nisCode>21007</nisCode>
        <name>Forest (Bruxelles-Capitale)</name>
        <utility/>
      </fedict.edrl.domain.Municipality>
      <fedict.edrl.domain.Municipality>
        <postCode>1200</postCode>
        <nisCode>21018</nisCode>
        <name>Woluwe-Saint-Lambert</name>
        <utility/>
      </fedict.edrl.domain.Municipality>
      <fedict.edrl.domain.Municipality>
        <postCode>1210</postCode>
        <nisCode>21014</nisCode>
        <name>Saint-Josse-ten-Noode</name>
        <utility/>
      </fedict.edrl.domain.Municipality>
      <fedict.edrl.domain.Municipality>
        <postCode>1300</postCode>
        <nisCode>25112</nisCode>
        <name>Wavre</name>
        <utility/>
      </fedict.edrl.domain.Municipality>
      <fedict.edrl.domain.Municipality>
        <postCode>1310</postCode>
        <nisCode>25050</nisCode>
        <name>La Hulpe</name>
        <utility/>
      </fedict.edrl.domain.Municipality>
      <fedict.edrl.domain.Municipality>
        <postCode>1315</postCode>
        <nisCode>25043</nisCode>
        <name>Incourt</name>
        <utility/>
      </fedict.edrl.domain.Municipality>
      <fedict.edrl.domain.Municipality>
        <postCode>1320</postCode>
        <nisCode>25005</nisCode>
        <name>Beauvechain</name>
        <utility/>
      </fedict.edrl.domain.Municipality>
      <fedict.edrl.domain.Municipality>
        <postCode>1325</postCode>
        <nisCode>25018</nisCode>
        <name>Chaumont-Gistoux</name>
        <utility/>
      </fedict.edrl.domain.Municipality>
      <fedict.edrl.domain.Municipality>
        <postCode>1330</postCode>
        <nisCode>25091</nisCode>
        <name>Rixensart</name>
        <utility/>
      </fedict.edrl.domain.Municipality>
      <fedict.edrl.domain.Municipality>
        <postCode>1340</postCode>
        <nisCode>25121</nisCode>
        <name>Ottignies-Louvain-la-Neuve</name>
        <utility/>
      </fedict.edrl.domain.Municipality>
      <fedict.edrl.domain.Municipality>
        <postCode>1350</postCode>
        <nisCode>25120</nisCode>
        <name>Orp-Jauche</name>
        <utility/>
      </fedict.edrl.domain.Municipality>
      <fedict.edrl.domain.Municipality>
        <postCode>1357</postCode>
        <nisCode>25118</nisCode>
        <name>Hélécine</name>
        <utility/>
      </fedict.edrl.domain.Municipality>
      <fedict.edrl.domain.Municipality>
        <postCode>1360</postCode>
        <nisCode>25084</nisCode>
        <name>Perwez (Nivelles)</name>
        <utility/>
      </fedict.edrl.domain.Municipality>
      <fedict.edrl.domain.Municipality>
        <postCode>1367</postCode>
        <nisCode>25122</nisCode>
        <name>Ramillies</name>
        <utility/>
      </fedict.edrl.domain.Municipality>
      <fedict.edrl.domain.Municipality>
        <postCode>1370</postCode>
        <nisCode>25048</nisCode>
        <name>Jodoigne</name>
        <utility/>
      </fedict.edrl.domain.Municipality>
      <fedict.edrl.domain.Municipality>
        <postCode>1380</postCode>
        <nisCode>25119</nisCode>
        <name>Lasne</name>
        <utility/>
      </fedict.edrl.domain.Municipality>
      <fedict.edrl.domain.Municipality>
        <postCode>1390</postCode>
        <nisCode>25037</nisCode>
        <name>Grez-Doiceau</name>
        <utility/>
      </fedict.edrl.domain.Municipality>
      <fedict.edrl.domain.Municipality>
        <postCode>1400</postCode>
        <nisCode>25072</nisCode>
        <name>Nivelles</name>
        <utility/>
      </fedict.edrl.domain.Municipality>
      <fedict.edrl.domain.Municipality>
        <postCode>1410</postCode>
        <nisCode>25110</nisCode>
        <name>Waterloo</name>
        <utility/>
      </fedict.edrl.domain.Municipality>
      <fedict.edrl.domain.Municipality>
        <postCode>1420</postCode>
        <nisCode>25014</nisCode>
        <name>Braine-l’Alleud</name>
        <utility/>
      </fedict.edrl.domain.Municipality>
      <fedict.edrl.domain.Municipality>
        <postCode>1430</postCode>
        <nisCode>25123</nisCode>
        <name>Rebecq</name>
        <utility/>
      </fedict.edrl.domain.Municipality>
      <fedict.edrl.domain.Municipality>
        <postCode>1435</postCode>
        <nisCode>25068</nisCode>
        <name>Mont-Saint-Guibert</name>
        <utility/>
      </fedict.edrl.domain.Municipality>
      <fedict.edrl.domain.Municipality>
        <postCode>1440</postCode>
        <nisCode>25015</nisCode>
        <name>Braine-le-Château</name>
        <utility/>
      </fedict.edrl.domain.Municipality>
      <fedict.edrl.domain.Municipality>
        <postCode>1450</postCode>
        <nisCode>25117</nisCode>
        <name>Chastre</name>
        <utility/>
      </fedict.edrl.domain.Municipality>
      <fedict.edrl.domain.Municipality>
        <postCode>1457</postCode>
        <nisCode>25124</nisCode>
        <name>Walhain</name>
        <utility/>
      </fedict.edrl.domain.Municipality>
      <fedict.edrl.domain.Municipality>
        <postCode>1460</postCode>
        <nisCode>25044</nisCode>
        <name>Ittre</name>
        <utility/>
      </fedict.edrl.domain.Municipality>
      <fedict.edrl.domain.Municipality>
        <postCode>1470</postCode>
        <nisCode>25031</nisCode>
        <name>Genappe</name>
        <utility/>
      </fedict.edrl.domain.Municipality>
      <fedict.edrl.domain.Municipality>
        <postCode>1480</postCode>
        <nisCode>25105</nisCode>
        <name>Tubize</name>
        <utility/>
      </fedict.edrl.domain.Municipality>
      <fedict.edrl.domain.Municipality>
        <postCode>1490</postCode>
        <nisCode>25023</nisCode>
        <name>Court-Saint-Etienne</name>
        <utility/>
      </fedict.edrl.domain.Municipality>
      <fedict.edrl.domain.Municipality>
        <postCode>1495</postCode>
        <nisCode>25107</nisCode>
        <name>Villers-la-Ville</name>
        <utility/>
      </fedict.edrl.domain.Municipality>
      <fedict.edrl.domain.Municipality>
        <postCode>4000</postCode>
        <nisCode>62063</nisCode>
        <name>Liège</name>
        <utility/>
      </fedict.edrl.domain.Municipality>
      <fedict.edrl.domain.Municipality>
        <postCode>4040</postCode>
        <nisCode>62051</nisCode>
        <name>Herstal</name>
        <utility/>
      </fedict.edrl.domain.Municipality>
      <fedict.edrl.domain.Municipality>
        <postCode>4050</postCode>
        <nisCode>62022</nisCode>
        <name>Chaudfontaine</name>
        <utility/>
      </fedict.edrl.domain.Municipality>
      <fedict.edrl.domain.Municipality>
        <postCode>4100</postCode>
        <nisCode>62096</nisCode>
        <name>Seraing</name>
        <utility/>
      </fedict.edrl.domain.Municipality>
      <fedict.edrl.domain.Municipality>
        <postCode>4120</postCode>
        <nisCode>62121</nisCode>
        <name>Neupré</name>
        <utility/>
      </fedict.edrl.domain.Municipality>
      <fedict.edrl.domain.Municipality>
        <postCode>4130</postCode>
        <nisCode>62032</nisCode>
        <name>Esneux</name>
        <utility/>
      </fedict.edrl.domain.Municipality>
      <fedict.edrl.domain.Municipality>
        <postCode>4140</postCode>
        <nisCode>62100</nisCode>
        <name>Sprimont</name>
        <utility/>
      </fedict.edrl.domain.Municipality>
      <fedict.edrl.domain.Municipality>
        <postCode>4160</postCode>
        <nisCode>61079</nisCode>
        <name>Anthisnes</name>
        <utility/>
      </fedict.edrl.domain.Municipality>
      <fedict.edrl.domain.Municipality>
        <postCode>4170</postCode>
        <nisCode>62026</nisCode>
        <name>Comblain-au-Pont</name>
        <utility/>
      </fedict.edrl.domain.Municipality>
      <fedict.edrl.domain.Municipality>
        <postCode>4180</postCode>
        <nisCode>61024</nisCode>
        <name>Hamoir</name>
        <utility/>
      </fedict.edrl.domain.Municipality>
      <fedict.edrl.domain.Municipality>
        <postCode>4190</postCode>
        <nisCode>61019</nisCode>
        <name>Ferrières</name>
        <utility/>
      </fedict.edrl.domain.Municipality>
      <fedict.edrl.domain.Municipality>
        <postCode>4210</postCode>
        <nisCode>61010</nisCode>
        <name>Burdinne</name>
        <utility/>
      </fedict.edrl.domain.Municipality>
      <fedict.edrl.domain.Municipality>
        <postCode>4217</postCode>
        <nisCode>61028</nisCode>
        <name>Héron</name>
        <utility/>
      </fedict.edrl.domain.Municipality>
      <fedict.edrl.domain.Municipality>
        <postCode>4219</postCode>
        <nisCode>64075</nisCode>
        <name>Wasseiges</name>
        <utility/>
      </fedict.edrl.domain.Municipality>
      <fedict.edrl.domain.Municipality>
        <postCode>4250</postCode>
        <nisCode>64029</nisCode>
        <name>Geer</name>
        <utility/>
      </fedict.edrl.domain.Municipality>
      <fedict.edrl.domain.Municipality>
        <postCode>4257</postCode>
        <nisCode>64008</nisCode>
        <name>Berloz</name>
        <utility/>
      </fedict.edrl.domain.Municipality>
      <fedict.edrl.domain.Municipality>
        <postCode>4260</postCode>
        <nisCode>64015</nisCode>
        <name>Braives</name>
        <utility/>
      </fedict.edrl.domain.Municipality>
      <fedict.edrl.domain.Municipality>
        <postCode>4280</postCode>
        <nisCode>64034</nisCode>
        <name>Hannut</name>
        <utility/>
      </fedict.edrl.domain.Municipality>
      <fedict.edrl.domain.Municipality>
        <postCode>4287</postCode>
        <nisCode>64047</nisCode>
        <name>Lincent</name>
        <utility/>
      </fedict.edrl.domain.Municipality>
      <fedict.edrl.domain.Municipality>
        <postCode>4300</postCode>
        <nisCode>64074</nisCode>
        <name>Waremme</name>
        <utility/>
      </fedict.edrl.domain.Municipality>
      <fedict.edrl.domain.Municipality>
        <postCode>4317</postCode>
        <nisCode>64076</nisCode>
        <name>Faimes</name>
        <utility/>
      </fedict.edrl.domain.Municipality>
      <fedict.edrl.domain.Municipality>
        <postCode>4340</postCode>
        <nisCode>62006</nisCode>
        <name>Awans</name>
        <utility/>
      </fedict.edrl.domain.Municipality>
      <fedict.edrl.domain.Municipality>
        <postCode>4347</postCode>
        <nisCode>64025</nisCode>
        <name>Fexhe-le-Haut-Clocher</name>
        <utility/>
      </fedict.edrl.domain.Municipality>
      <fedict.edrl.domain.Municipality>
        <postCode>4350</postCode>
        <nisCode>64063</nisCode>
        <name>Remicourt</name>
        <utility/>
      </fedict.edrl.domain.Municipality>
      <fedict.edrl.domain.Municipality>
        <postCode>4357</postCode>
        <nisCode>64023</nisCode>
        <name>Donceel</name>
        <utility/>
      </fedict.edrl.domain.Municipality>
      <fedict.edrl.domain.Municipality>
        <postCode>4360</postCode>
        <nisCode>64056</nisCode>
        <name>Oreye</name>
        <utility/>
      </fedict.edrl.domain.Municipality>
      <fedict.edrl.domain.Municipality>
        <postCode>4367</postCode>
        <nisCode>64021</nisCode>
        <name>Crisnée</name>
        <utility/>
      </fedict.edrl.domain.Municipality>
      <fedict.edrl.domain.Municipality>
        <postCode>4400</postCode>
        <nisCode>62120</nisCode>
        <name>Flémalle</name>
        <utility/>
      </fedict.edrl.domain.Municipality>
      <fedict.edrl.domain.Municipality>
        <postCode>4420</postCode>
        <nisCode>62093</nisCode>
        <name>Saint-Nicolas (Liège)</name>
        <utility/>
      </fedict.edrl.domain.Municipality>
      <fedict.edrl.domain.Municipality>
        <postCode>4430</postCode>
        <nisCode>62003</nisCode>
        <name>Ans</name>
        <utility/>
      </fedict.edrl.domain.Municipality>
      <fedict.edrl.domain.Municipality>
        <postCode>4450</postCode>
        <nisCode>62060</nisCode>
        <name>Juprelle</name>
        <utility/>
      </fedict.edrl.domain.Municipality>
      <fedict.edrl.domain.Municipality>
        <postCode>4460</postCode>
        <nisCode>62118</nisCode>
        <name>Grâce-Hollogne</name>
        <utility/>
      </fedict.edrl.domain.Municipality>
      <fedict.edrl.domain.Municipality>
        <postCode>4470</postCode>
        <nisCode>64065</nisCode>
        <name>Saint-Georges-sur-Meuse</name>
        <utility/>
      </fedict.edrl.domain.Municipality>
      <fedict.edrl.domain.Municipality>
        <postCode>4480</postCode>
        <nisCode>61080</nisCode>
        <name>Engis</name>
        <utility/>
      </fedict.edrl.domain.Municipality>
      <fedict.edrl.domain.Municipality>
        <postCode>4500</postCode>
        <nisCode>61031</nisCode>
        <name>Huy</name>
        <utility/>
      </fedict.edrl.domain.Municipality>
      <fedict.edrl.domain.Municipality>
        <postCode>4520</postCode>
        <nisCode>61072</nisCode>
        <name>Wanze</name>
        <utility/>
      </fedict.edrl.domain.Municipality>
      <fedict.edrl.domain.Municipality>
        <postCode>4530</postCode>
        <nisCode>61068</nisCode>
        <name>Villers-Le-Bouillet</name>
        <utility/>
      </fedict.edrl.domain.Municipality>
      <fedict.edrl.domain.Municipality>
        <postCode>4537</postCode>
        <nisCode>61063</nisCode>
        <name>Verlaine</name>
        <utility/>
      </fedict.edrl.domain.Municipality>
      <fedict.edrl.domain.Municipality>
        <postCode>4540</postCode>
        <nisCode>61003</nisCode>
        <name>Amay</name>
        <utility/>
      </fedict.edrl.domain.Municipality>
      <fedict.edrl.domain.Municipality>
        <postCode>4550</postCode>
        <nisCode>61043</nisCode>
        <name>Nandrin</name>
        <utility/>
      </fedict.edrl.domain.Municipality>
      <fedict.edrl.domain.Municipality>
        <postCode>4557</postCode>
        <nisCode>61081</nisCode>
        <name>Tinlot</name>
        <utility/>
      </fedict.edrl.domain.Municipality>
      <fedict.edrl.domain.Municipality>
        <postCode>4560</postCode>
        <nisCode>61012</nisCode>
        <name>Clavier</name>
        <utility/>
      </fedict.edrl.domain.Municipality>
      <fedict.edrl.domain.Municipality>
        <postCode>4570</postCode>
        <nisCode>61039</nisCode>
        <name>Marchin</name>
        <utility/>
      </fedict.edrl.domain.Municipality>
      <fedict.edrl.domain.Municipality>
        <postCode>4577</postCode>
        <nisCode>61041</nisCode>
        <name>Modave</name>
        <utility/>
      </fedict.edrl.domain.Municipality>
      <fedict.edrl.domain.Municipality>
        <postCode>4590</postCode>
        <nisCode>61048</nisCode>
        <name>Ouffet</name>
        <utility/>
      </fedict.edrl.domain.Municipality>
      <fedict.edrl.domain.Municipality>
        <postCode>4600</postCode>
        <nisCode>62108</nisCode>
        <name>Visé</name>
        <utility/>
      </fedict.edrl.domain.Municipality>
      <fedict.edrl.domain.Municipality>
        <postCode>4607</postCode>
        <nisCode>62027</nisCode>
        <name>Dalhem</name>
        <utility/>
      </fedict.edrl.domain.Municipality>
      <fedict.edrl.domain.Municipality>
        <postCode>4610</postCode>
        <nisCode>62015</nisCode>
        <name>Beyne-Heusay</name>
        <utility/>
      </fedict.edrl.domain.Municipality>
      <fedict.edrl.domain.Municipality>
        <postCode>4620</postCode>
        <nisCode>62038</nisCode>
        <name>Fléron</name>
        <utility/>
      </fedict.edrl.domain.Municipality>
      <fedict.edrl.domain.Municipality>
        <postCode>4630</postCode>
        <nisCode>62099</nisCode>
        <name>Soumagne</name>
        <utility/>
      </fedict.edrl.domain.Municipality>
      <fedict.edrl.domain.Municipality>
        <postCode>4650</postCode>
        <nisCode>63035</nisCode>
        <name>Herve</name>
        <utility/>
      </fedict.edrl.domain.Municipality>
      <fedict.edrl.domain.Municipality>
        <postCode>4670</postCode>
        <nisCode>62119</nisCode>
        <name>Blégny</name>
        <utility/>
      </fedict.edrl.domain.Municipality>
      <fedict.edrl.domain.Municipality>
        <postCode>4680</postCode>
        <nisCode>62079</nisCode>
        <name>Oupeye</name>
        <utility/>
      </fedict.edrl.domain.Municipality>
      <fedict.edrl.domain.Municipality>
        <postCode>4690</postCode>
        <nisCode>62011</nisCode>
        <name>Bassenge</name>
        <utility/>
      </fedict.edrl.domain.Municipality>
      <fedict.edrl.domain.Municipality>
        <postCode>4700</postCode>
        <nisCode>63023</nisCode>
        <name>Eupen</name>
        <utility/>
      </fedict.edrl.domain.Municipality>
      <fedict.edrl.domain.Municipality>
        <postCode>4710</postCode>
        <nisCode>63048</nisCode>
        <name>Lontzen</name>
        <utility/>
      </fedict.edrl.domain.Municipality>
      <fedict.edrl.domain.Municipality>
        <postCode>4720</postCode>
        <nisCode>63040</nisCode>
        <name>Kelmis</name>
        <utility/>
      </fedict.edrl.domain.Municipality>
      <fedict.edrl.domain.Municipality>
        <postCode>4730</postCode>
        <nisCode>63061</nisCode>
        <name>Raeren</name>
        <utility/>
      </fedict.edrl.domain.Municipality>
      <fedict.edrl.domain.Municipality>
        <postCode>4750</postCode>
        <nisCode>63013</nisCode>
        <name>Bütgenbach</name>
        <utility/>
      </fedict.edrl.domain.Municipality>
      <fedict.edrl.domain.Municipality>
        <postCode>4760</postCode>
        <nisCode>63012</nisCode>
        <name>Büllingen</name>
        <utility/>
      </fedict.edrl.domain.Municipality>
      <fedict.edrl.domain.Municipality>
        <postCode>4770</postCode>
        <nisCode>63001</nisCode>
        <name>Amel</name>
        <utility/>
      </fedict.edrl.domain.Municipality>
      <fedict.edrl.domain.Municipality>
        <postCode>4780</postCode>
        <nisCode>63067</nisCode>
        <name>Sankt Vith</name>
        <utility/>
      </fedict.edrl.domain.Municipality>
      <fedict.edrl.domain.Municipality>
        <postCode>4790</postCode>
        <nisCode>63087</nisCode>
        <name>Burg-Reuland</name>
        <utility/>
      </fedict.edrl.domain.Municipality>
      <fedict.edrl.domain.Municipality>
        <postCode>4800</postCode>
        <nisCode>63079</nisCode>
        <name>Verviers</name>
        <utility/>
      </fedict.edrl.domain.Municipality>
      <fedict.edrl.domain.Municipality>
        <postCode>4820</postCode>
        <nisCode>63020</nisCode>
        <name>Dison</name>
        <utility/>
      </fedict.edrl.domain.Municipality>
      <fedict.edrl.domain.Municipality>
        <postCode>4830</postCode>
        <nisCode>63046</nisCode>
        <name>Limburg</name>
        <utility/>
      </fedict.edrl.domain.Municipality>
      <fedict.edrl.domain.Municipality>
        <postCode>4837</postCode>
        <nisCode>63004</nisCode>
        <name>Baelen</name>
        <utility/>
      </fedict.edrl.domain.Municipality>
      <fedict.edrl.domain.Municipality>
        <postCode>4840</postCode>
        <nisCode>63084</nisCode>
        <name>Welkenraedt</name>
        <utility/>
      </fedict.edrl.domain.Municipality>
      <fedict.edrl.domain.Municipality>
        <postCode>4845</postCode>
        <nisCode>63038</nisCode>
        <name>Jalhay</name>
        <utility/>
      </fedict.edrl.domain.Municipality>
      <fedict.edrl.domain.Municipality>
        <postCode>4850</postCode>
        <nisCode>63088</nisCode>
        <name>Plombières</name>
        <utility/>
      </fedict.edrl.domain.Municipality>
      <fedict.edrl.domain.Municipality>
        <postCode>4860</postCode>
        <nisCode>63058</nisCode>
        <name>Pepinster</name>
        <utility/>
      </fedict.edrl.domain.Municipality>
      <fedict.edrl.domain.Municipality>
        <postCode>4870</postCode>
        <nisCode>62122</nisCode>
        <name>Trooz</name>
        <utility/>
      </fedict.edrl.domain.Municipality>
      <fedict.edrl.domain.Municipality>
        <postCode>4877</postCode>
        <nisCode>63057</nisCode>
        <name>Olne</name>
        <utility/>
      </fedict.edrl.domain.Municipality>
      <fedict.edrl.domain.Municipality>
        <postCode>4880</postCode>
        <nisCode>63003</nisCode>
        <name>Aubel</name>
        <utility/>
      </fedict.edrl.domain.Municipality>
      <fedict.edrl.domain.Municipality>
        <postCode>4890</postCode>
        <nisCode>63089</nisCode>
        <name>Thimister-Clermont</name>
        <utility/>
      </fedict.edrl.domain.Municipality>
      <fedict.edrl.domain.Municipality>
        <postCode>4900</postCode>
        <nisCode>63072</nisCode>
        <name>Spa</name>
        <utility/>
      </fedict.edrl.domain.Municipality>
      <fedict.edrl.domain.Municipality>
        <postCode>4910</postCode>
        <nisCode>63076</nisCode>
        <name>Theux</name>
        <utility/>
      </fedict.edrl.domain.Municipality>
      <fedict.edrl.domain.Municipality>
        <postCode>4920</postCode>
        <nisCode>62009</nisCode>
        <name>Aywaille</name>
        <utility/>
      </fedict.edrl.domain.Municipality>
      <fedict.edrl.domain.Municipality>
        <postCode>4950</postCode>
        <nisCode>63080</nisCode>
        <name>Weismes</name>
        <utility/>
      </fedict.edrl.domain.Municipality>
      <fedict.edrl.domain.Municipality>
        <postCode>4960</postCode>
        <nisCode>63049</nisCode>
        <name>Malmedy</name>
        <utility/>
      </fedict.edrl.domain.Municipality>
      <fedict.edrl.domain.Municipality>
        <postCode>4970</postCode>
        <nisCode>63073</nisCode>
        <name>Stavelot</name>
        <utility/>
      </fedict.edrl.domain.Municipality>
      <fedict.edrl.domain.Municipality>
        <postCode>4980</postCode>
        <nisCode>63086</nisCode>
        <name>Trois-Ponts</name>
        <utility/>
      </fedict.edrl.domain.Municipality>
      <fedict.edrl.domain.Municipality>
        <postCode>4987</postCode>
        <nisCode>63075</nisCode>
        <name>Stoumont</name>
        <utility/>
      </fedict.edrl.domain.Municipality>
      <fedict.edrl.domain.Municipality>
        <postCode>4990</postCode>
        <nisCode>63045</nisCode>
        <name>Lierneux</name>
        <utility/>
      </fedict.edrl.domain.Municipality>
      <fedict.edrl.domain.Municipality>
        <postCode>5000</postCode>
        <nisCode>92094</nisCode>
        <name>Namur</name>
        <utility/>
      </fedict.edrl.domain.Municipality>
      <fedict.edrl.domain.Municipality>
        <postCode>5030</postCode>
        <nisCode>92142</nisCode>
        <name>Gembloux</name>
        <utility/>
      </fedict.edrl.domain.Municipality>
      <fedict.edrl.domain.Municipality>
        <postCode>5060</postCode>
        <nisCode>92137</nisCode>
        <name>Sambreville</name>
        <utility/>
      </fedict.edrl.domain.Municipality>
      <fedict.edrl.domain.Municipality>
        <postCode>5070</postCode>
        <nisCode>92048</nisCode>
        <name>Fosses-la-Ville</name>
        <utility/>
      </fedict.edrl.domain.Municipality>
      <fedict.edrl.domain.Municipality>
        <postCode>5080</postCode>
        <nisCode>92141</nisCode>
        <name>La Bruyère</name>
        <utility/>
      </fedict.edrl.domain.Municipality>
      <fedict.edrl.domain.Municipality>
        <postCode>5140</postCode>
        <nisCode>92114</nisCode>
        <name>Sombreffe</name>
        <utility/>
      </fedict.edrl.domain.Municipality>
      <fedict.edrl.domain.Municipality>
        <postCode>5150</postCode>
        <nisCode>92045</nisCode>
        <name>Floreffe</name>
        <utility/>
      </fedict.edrl.domain.Municipality>
      <fedict.edrl.domain.Municipality>
        <postCode>5170</postCode>
        <nisCode>92101</nisCode>
        <name>Profondeville</name>
        <utility/>
      </fedict.edrl.domain.Municipality>
      <fedict.edrl.domain.Municipality>
        <postCode>5190</postCode>
        <nisCode>92140</nisCode>
        <name>Jemeppe-sur-Sambre</name>
        <utility/>
      </fedict.edrl.domain.Municipality>
      <fedict.edrl.domain.Municipality>
        <postCode>5300</postCode>
        <nisCode>92003</nisCode>
        <name>Andenne</name>
        <utility/>
      </fedict.edrl.domain.Municipality>
      <fedict.edrl.domain.Municipality>
        <postCode>5310</postCode>
        <nisCode>92035</nisCode>
        <name>Eghezée</name>
        <utility/>
      </fedict.edrl.domain.Municipality>
      <fedict.edrl.domain.Municipality>
        <postCode>5330</postCode>
        <nisCode>92006</nisCode>
        <name>Assesse</name>
        <utility/>
      </fedict.edrl.domain.Municipality>
      <fedict.edrl.domain.Municipality>
        <postCode>5340</postCode>
        <nisCode>92054</nisCode>
        <name>Gesves</name>
        <utility/>
      </fedict.edrl.domain.Municipality>
      <fedict.edrl.domain.Municipality>
        <postCode>5350</postCode>
        <nisCode>92097</nisCode>
        <name>Ohey</name>
        <utility/>
      </fedict.edrl.domain.Municipality>
      <fedict.edrl.domain.Municipality>
        <postCode>5360</postCode>
        <nisCode>91059</nisCode>
        <name>Hamois</name>
        <utility/>
      </fedict.edrl.domain.Municipality>
      <fedict.edrl.domain.Municipality>
        <postCode>5370</postCode>
        <nisCode>91064</nisCode>
        <name>Havelange</name>
        <utility/>
      </fedict.edrl.domain.Municipality>
      <fedict.edrl.domain.Municipality>
        <postCode>5377</postCode>
        <nisCode>91120</nisCode>
        <name>Somme-Leuze</name>
        <utility/>
      </fedict.edrl.domain.Municipality>
      <fedict.edrl.domain.Municipality>
        <postCode>5380</postCode>
        <nisCode>92138</nisCode>
        <name>Fernelmont</name>
        <utility/>
      </fedict.edrl.domain.Municipality>
      <fedict.edrl.domain.Municipality>
        <postCode>5500</postCode>
        <nisCode>91034</nisCode>
        <name>Dinant</name>
        <utility/>
      </fedict.edrl.domain.Municipality>
      <fedict.edrl.domain.Municipality>
        <postCode>5520</postCode>
        <nisCode>91103</nisCode>
        <name>Onhaye</name>
        <utility/>
      </fedict.edrl.domain.Municipality>
      <fedict.edrl.domain.Municipality>
        <postCode>5530</postCode>
        <nisCode>91141</nisCode>
        <name>Yvoir</name>
        <utility/>
      </fedict.edrl.domain.Municipality>
      <fedict.edrl.domain.Municipality>
        <postCode>5537</postCode>
        <nisCode>91005</nisCode>
        <name>Anhée</name>
        <utility/>
      </fedict.edrl.domain.Municipality>
      <fedict.edrl.domain.Municipality>
        <postCode>5540</postCode>
        <nisCode>91142</nisCode>
        <name>Hastière</name>
        <utility/>
      </fedict.edrl.domain.Municipality>
      <fedict.edrl.domain.Municipality>
        <postCode>5550</postCode>
        <nisCode>91143</nisCode>
        <name>Vresse-sur-Semois</name>
        <utility/>
      </fedict.edrl.domain.Municipality>
      <fedict.edrl.domain.Municipality>
        <postCode>5555</postCode>
        <nisCode>91015</nisCode>
        <name>Bièvre</name>
        <utility/>
      </fedict.edrl.domain.Municipality>
      <fedict.edrl.domain.Municipality>
        <postCode>5560</postCode>
        <nisCode>91072</nisCode>
        <name>Houyet</name>
        <utility/>
      </fedict.edrl.domain.Municipality>
      <fedict.edrl.domain.Municipality>
        <postCode>5570</postCode>
        <nisCode>91013</nisCode>
        <name>Beauraing</name>
        <utility/>
      </fedict.edrl.domain.Municipality>
      <fedict.edrl.domain.Municipality>
        <postCode>5575</postCode>
        <nisCode>91054</nisCode>
        <name>Gedinne</name>
        <utility/>
      </fedict.edrl.domain.Municipality>
      <fedict.edrl.domain.Municipality>
        <postCode>5580</postCode>
        <nisCode>91114</nisCode>
        <name>Rochefort</name>
        <utility/>
      </fedict.edrl.domain.Municipality>
      <fedict.edrl.domain.Municipality>
        <postCode>5590</postCode>
        <nisCode>91030</nisCode>
        <name>Ciney</name>
        <utility/>
      </fedict.edrl.domain.Municipality>
      <fedict.edrl.domain.Municipality>
        <postCode>5600</postCode>
        <nisCode>93056</nisCode>
        <name>Philippeville</name>
        <utility/>
      </fedict.edrl.domain.Municipality>
      <fedict.edrl.domain.Municipality>
        <postCode>5620</postCode>
        <nisCode>93022</nisCode>
        <name>Florennes</name>
        <utility/>
      </fedict.edrl.domain.Municipality>
      <fedict.edrl.domain.Municipality>
        <postCode>5630</postCode>
        <nisCode>93010</nisCode>
        <name>Cerfontaine</name>
        <utility/>
      </fedict.edrl.domain.Municipality>
      <fedict.edrl.domain.Municipality>
        <postCode>5640</postCode>
        <nisCode>92087</nisCode>
        <name>Mettet</name>
        <utility/>
      </fedict.edrl.domain.Municipality>
      <fedict.edrl.domain.Municipality>
        <postCode>5650</postCode>
        <nisCode>93088</nisCode>
        <name>Walcourt</name>
        <utility/>
      </fedict.edrl.domain.Municipality>
      <fedict.edrl.domain.Municipality>
        <postCode>5660</postCode>
        <nisCode>93014</nisCode>
        <name>Couvin</name>
        <utility/>
      </fedict.edrl.domain.Municipality>
      <fedict.edrl.domain.Municipality>
        <postCode>5670</postCode>
        <nisCode>93090</nisCode>
        <name>Viroinval</name>
        <utility/>
      </fedict.edrl.domain.Municipality>
      <fedict.edrl.domain.Municipality>
        <postCode>5680</postCode>
        <nisCode>93018</nisCode>
        <name>Doische</name>
        <utility/>
      </fedict.edrl.domain.Municipality>
      <fedict.edrl.domain.Municipality>
        <postCode>6000</postCode>
        <nisCode>52011</nisCode>
        <name>Charleroi</name>
        <utility/>
      </fedict.edrl.domain.Municipality>
      <fedict.edrl.domain.Municipality>
        <postCode>6110</postCode>
        <nisCode>52048</nisCode>
        <name>Montigny-le-Tilleul</name>
        <utility/>
      </fedict.edrl.domain.Municipality>
      <fedict.edrl.domain.Municipality>
        <postCode>6120</postCode>
        <nisCode>56086</nisCode>
        <name>Ham-sur-Heure-Nalinnes</name>
        <utility/>
      </fedict.edrl.domain.Municipality>
      <fedict.edrl.domain.Municipality>
        <postCode>6140</postCode>
        <nisCode>52022</nisCode>
        <name>Fontaine-l’Evêque</name>
        <utility/>
      </fedict.edrl.domain.Municipality>
      <fedict.edrl.domain.Municipality>
        <postCode>6150</postCode>
        <nisCode>56001</nisCode>
        <name>Anderlues</name>
        <utility/>
      </fedict.edrl.domain.Municipality>
      <fedict.edrl.domain.Municipality>
        <postCode>6180</postCode>
        <nisCode>52015</nisCode>
        <name>Courcelles</name>
        <utility/>
      </fedict.edrl.domain.Municipality>
      <fedict.edrl.domain.Municipality>
        <postCode>6200</postCode>
        <nisCode>52012</nisCode>
        <name>Châtelet</name>
        <utility/>
      </fedict.edrl.domain.Municipality>
      <fedict.edrl.domain.Municipality>
        <postCode>6210</postCode>
        <nisCode>52075</nisCode>
        <name>Les Bons Villers</name>
        <utility/>
      </fedict.edrl.domain.Municipality>
      <fedict.edrl.domain.Municipality>
        <postCode>6220</postCode>
        <nisCode>52021</nisCode>
        <name>Fleurus</name>
        <utility/>
      </fedict.edrl.domain.Municipality>
      <fedict.edrl.domain.Municipality>
        <postCode>6230</postCode>
        <nisCode>52055</nisCode>
        <name>Pont-à-Celles</name>
        <utility/>
      </fedict.edrl.domain.Municipality>
      <fedict.edrl.domain.Municipality>
        <postCode>6240</postCode>
        <nisCode>52018</nisCode>
        <name>Farciennes</name>
        <utility/>
      </fedict.edrl.domain.Municipality>
      <fedict.edrl.domain.Municipality>
        <postCode>6250</postCode>
        <nisCode>52074</nisCode>
        <name>Aiseau-Presles</name>
        <utility/>
      </fedict.edrl.domain.Municipality>
      <fedict.edrl.domain.Municipality>
        <postCode>6280</postCode>
        <nisCode>52025</nisCode>
        <name>Gerpinnes</name>
        <utility/>
      </fedict.edrl.domain.Municipality>
      <fedict.edrl.domain.Municipality>
        <postCode>6440</postCode>
        <nisCode>56029</nisCode>
        <name>Froidchapelle</name>
        <utility/>
      </fedict.edrl.domain.Municipality>
      <fedict.edrl.domain.Municipality>
        <postCode>6460</postCode>
        <nisCode>56016</nisCode>
        <name>Chimay</name>
        <utility/>
      </fedict.edrl.domain.Municipality>
      <fedict.edrl.domain.Municipality>
        <postCode>6470</postCode>
        <nisCode>56088</nisCode>
        <name>Sivry-Rance</name>
        <utility/>
      </fedict.edrl.domain.Municipality>
      <fedict.edrl.domain.Municipality>
        <postCode>6500</postCode>
        <nisCode>56005</nisCode>
        <name>Beaumont</name>
        <utility/>
      </fedict.edrl.domain.Municipality>
      <fedict.edrl.domain.Municipality>
        <postCode>6530</postCode>
        <nisCode>56078</nisCode>
        <name>Thuin</name>
        <utility/>
      </fedict.edrl.domain.Municipality>
      <fedict.edrl.domain.Municipality>
        <postCode>6540</postCode>
        <nisCode>56044</nisCode>
        <name>Lobbes</name>
        <utility/>
      </fedict.edrl.domain.Municipality>
      <fedict.edrl.domain.Municipality>
        <postCode>6560</postCode>
        <nisCode>56022</nisCode>
        <name>Erquelinnes</name>
        <utility/>
      </fedict.edrl.domain.Municipality>
      <fedict.edrl.domain.Municipality>
        <postCode>6567</postCode>
        <nisCode>56049</nisCode>
        <name>Merbes-le-Château</name>
        <utility/>
      </fedict.edrl.domain.Municipality>
      <fedict.edrl.domain.Municipality>
        <postCode>6590</postCode>
        <nisCode>56051</nisCode>
        <name>Momignies</name>
        <utility/>
      </fedict.edrl.domain.Municipality>
      <fedict.edrl.domain.Municipality>
        <postCode>6600</postCode>
        <nisCode>82003</nisCode>
        <name>Bastogne</name>
        <utility/>
      </fedict.edrl.domain.Municipality>
      <fedict.edrl.domain.Municipality>
        <postCode>6630</postCode>
        <nisCode>81013</nisCode>
        <name>Martelange</name>
        <utility/>
      </fedict.edrl.domain.Municipality>
      <fedict.edrl.domain.Municipality>
        <postCode>6637</postCode>
        <nisCode>82009</nisCode>
        <name>Fauvillers</name>
        <utility/>
      </fedict.edrl.domain.Municipality>
      <fedict.edrl.domain.Municipality>
        <postCode>6640</postCode>
        <nisCode>82036</nisCode>
        <name>Vaux-sur-Sûre</name>
        <utility/>
      </fedict.edrl.domain.Municipality>
      <fedict.edrl.domain.Municipality>
        <postCode>6660</postCode>
        <nisCode>82014</nisCode>
        <name>Houffalize</name>
        <utility/>
      </fedict.edrl.domain.Municipality>
      <fedict.edrl.domain.Municipality>
        <postCode>6670</postCode>
        <nisCode>82037</nisCode>
        <name>Gouvy</name>
        <utility/>
      </fedict.edrl.domain.Municipality>
      <fedict.edrl.domain.Municipality>
        <postCode>6680</postCode>
        <nisCode>82038</nisCode>
        <name>Sainte-Ode</name>
        <utility/>
      </fedict.edrl.domain.Municipality>
      <fedict.edrl.domain.Municipality>
        <postCode>6687</postCode>
        <nisCode>82005</nisCode>
        <name>Bertogne</name>
        <utility/>
      </fedict.edrl.domain.Municipality>
      <fedict.edrl.domain.Municipality>
        <postCode>6690</postCode>
        <nisCode>82032</nisCode>
        <name>Vielsalm</name>
        <utility/>
      </fedict.edrl.domain.Municipality>
      <fedict.edrl.domain.Municipality>
        <postCode>6700</postCode>
        <nisCode>81001</nisCode>
        <name>Arlon</name>
        <utility/>
      </fedict.edrl.domain.Municipality>
      <fedict.edrl.domain.Municipality>
        <postCode>6717</postCode>
        <nisCode>81003</nisCode>
        <name>Attert</name>
        <utility/>
      </fedict.edrl.domain.Municipality>
      <fedict.edrl.domain.Municipality>
        <postCode>6720</postCode>
        <nisCode>85046</nisCode>
        <name>Habay</name>
        <utility/>
      </fedict.edrl.domain.Municipality>
      <fedict.edrl.domain.Municipality>
        <postCode>6730</postCode>
        <nisCode>85039</nisCode>
        <name>Tintigny</name>
        <utility/>
      </fedict.edrl.domain.Municipality>
      <fedict.edrl.domain.Municipality>
        <postCode>6740</postCode>
        <nisCode>85009</nisCode>
        <name>Etalle</name>
        <utility/>
      </fedict.edrl.domain.Municipality>
      <fedict.edrl.domain.Municipality>
        <postCode>6747</postCode>
        <nisCode>85034</nisCode>
        <name>Saint-Léger (Virton)</name>
        <utility/>
      </fedict.edrl.domain.Municipality>
      <fedict.edrl.domain.Municipality>
        <postCode>6750</postCode>
        <nisCode>85026</nisCode>
        <name>Musson</name>
        <utility/>
      </fedict.edrl.domain.Municipality>
      <fedict.edrl.domain.Municipality>
        <postCode>6760</postCode>
        <nisCode>85045</nisCode>
        <name>Virton</name>
        <utility/>
      </fedict.edrl.domain.Municipality>
      <fedict.edrl.domain.Municipality>
        <postCode>6767</postCode>
        <nisCode>85047</nisCode>
        <name>Rouvroy</name>
        <utility/>
      </fedict.edrl.domain.Municipality>
      <fedict.edrl.domain.Municipality>
        <postCode>6769</postCode>
        <nisCode>85024</nisCode>
        <name>Meix-devant-Virton</name>
        <utility/>
      </fedict.edrl.domain.Municipality>
      <fedict.edrl.domain.Municipality>
        <postCode>6780</postCode>
        <nisCode>81015</nisCode>
        <name>Messancy</name>
        <utility/>
      </fedict.edrl.domain.Municipality>
      <fedict.edrl.domain.Municipality>
        <postCode>6790</postCode>
        <nisCode>81004</nisCode>
        <name>Aubange</name>
        <utility/>
      </fedict.edrl.domain.Municipality>
      <fedict.edrl.domain.Municipality>
        <postCode>6800</postCode>
        <nisCode>84077</nisCode>
        <name>Libramont-Chevigny</name>
        <utility/>
      </fedict.edrl.domain.Municipality>
      <fedict.edrl.domain.Municipality>
        <postCode>6810</postCode>
        <nisCode>85007</nisCode>
        <name>Chiny</name>
        <utility/>
      </fedict.edrl.domain.Municipality>
      <fedict.edrl.domain.Municipality>
        <postCode>6820</postCode>
        <nisCode>85011</nisCode>
        <name>Florenville</name>
        <utility/>
      </fedict.edrl.domain.Municipality>
      <fedict.edrl.domain.Municipality>
        <postCode>6830</postCode>
        <nisCode>84010</nisCode>
        <name>Bouillon</name>
        <utility/>
      </fedict.edrl.domain.Municipality>
      <fedict.edrl.domain.Municipality>
        <postCode>6840</postCode>
        <nisCode>84043</nisCode>
        <name>Neufchâteau (Neufchâteau)</name>
        <utility/>
      </fedict.edrl.domain.Municipality>
      <fedict.edrl.domain.Municipality>
        <postCode>6850</postCode>
        <nisCode>84050</nisCode>
        <name>Paliseul</name>
        <utility/>
      </fedict.edrl.domain.Municipality>
      <fedict.edrl.domain.Municipality>
        <postCode>6860</postCode>
        <nisCode>84033</nisCode>
        <name>Léglise</name>
        <utility/>
      </fedict.edrl.domain.Municipality>
      <fedict.edrl.domain.Municipality>
        <postCode>6870</postCode>
        <nisCode>84059</nisCode>
        <name>Saint-Hubert</name>
        <utility/>
      </fedict.edrl.domain.Municipality>
      <fedict.edrl.domain.Municipality>
        <postCode>6880</postCode>
        <nisCode>84009</nisCode>
        <name>Bertrix</name>
        <utility/>
      </fedict.edrl.domain.Municipality>
      <fedict.edrl.domain.Municipality>
        <postCode>6887</postCode>
        <nisCode>84029</nisCode>
        <name>Herbeumont</name>
        <utility/>
      </fedict.edrl.domain.Municipality>
      <fedict.edrl.domain.Municipality>
        <postCode>6890</postCode>
        <nisCode>84035</nisCode>
        <name>Libin</name>
        <utility/>
      </fedict.edrl.domain.Municipality>
      <fedict.edrl.domain.Municipality>
        <postCode>6900</postCode>
        <nisCode>83034</nisCode>
        <name>Marche-en-Famenne</name>
        <utility/>
      </fedict.edrl.domain.Municipality>
      <fedict.edrl.domain.Municipality>
        <postCode>6920</postCode>
        <nisCode>84075</nisCode>
        <name>Wellin</name>
        <utility/>
      </fedict.edrl.domain.Municipality>
      <fedict.edrl.domain.Municipality>
        <postCode>6927</postCode>
        <nisCode>84068</nisCode>
        <name>Tellin</name>
        <utility/>
      </fedict.edrl.domain.Municipality>
      <fedict.edrl.domain.Municipality>
        <postCode>6929</postCode>
        <nisCode>84016</nisCode>
        <name>Daverdisse</name>
        <utility/>
      </fedict.edrl.domain.Municipality>
      <fedict.edrl.domain.Municipality>
        <postCode>6940</postCode>
        <nisCode>83012</nisCode>
        <name>Durbuy</name>
        <utility/>
      </fedict.edrl.domain.Municipality>
      <fedict.edrl.domain.Municipality>
        <postCode>6950</postCode>
        <nisCode>83040</nisCode>
        <name>Nassogne</name>
        <utility/>
      </fedict.edrl.domain.Municipality>
      <fedict.edrl.domain.Municipality>
        <postCode>6960</postCode>
        <nisCode>83055</nisCode>
        <name>Manhay</name>
        <utility/>
      </fedict.edrl.domain.Municipality>
      <fedict.edrl.domain.Municipality>
        <postCode>6970</postCode>
        <nisCode>83049</nisCode>
        <name>Tenneville</name>
        <utility/>
      </fedict.edrl.domain.Municipality>
      <fedict.edrl.domain.Municipality>
        <postCode>6980</postCode>
        <nisCode>83031</nisCode>
        <name>La Roche-en-Ardenne</name>
        <utility/>
      </fedict.edrl.domain.Municipality>
      <fedict.edrl.domain.Municipality>
        <postCode>6987</postCode>
        <nisCode>83044</nisCode>
        <name>Rendeux</name>
        <utility/>
      </fedict.edrl.domain.Municipality>
      <fedict.edrl.domain.Municipality>
        <postCode>6990</postCode>
        <nisCode>83028</nisCode>
        <name>Hotton</name>
        <utility/>
      </fedict.edrl.domain.Municipality>
      <fedict.edrl.domain.Municipality>
        <postCode>6997</postCode>
        <nisCode>83013</nisCode>
        <name>Erezée</name>
        <utility/>
      </fedict.edrl.domain.Municipality>
      <fedict.edrl.domain.Municipality>
        <postCode>7000</postCode>
        <nisCode>53053</nisCode>
        <name>Mons</name>
        <utility/>
      </fedict.edrl.domain.Municipality>
      <fedict.edrl.domain.Municipality>
        <postCode>7040</postCode>
        <nisCode>53084</nisCode>
        <name>Quévy</name>
        <utility/>
      </fedict.edrl.domain.Municipality>
      <fedict.edrl.domain.Municipality>
        <postCode>7050</postCode>
        <nisCode>53044</nisCode>
        <name>Jurbise</name>
        <utility/>
      </fedict.edrl.domain.Municipality>
      <fedict.edrl.domain.Municipality>
        <postCode>7060</postCode>
        <nisCode>55040</nisCode>
        <name>Soignies</name>
        <utility/>
      </fedict.edrl.domain.Municipality>
      <fedict.edrl.domain.Municipality>
        <postCode>7070</postCode>
        <nisCode>55035</nisCode>
        <name>Le Roeulx</name>
        <utility/>
      </fedict.edrl.domain.Municipality>
      <fedict.edrl.domain.Municipality>
        <postCode>7080</postCode>
        <nisCode>53028</nisCode>
        <name>Frameries</name>
        <utility/>
      </fedict.edrl.domain.Municipality>
      <fedict.edrl.domain.Municipality>
        <postCode>7090</postCode>
        <nisCode>55004</nisCode>
        <name>Braine-le-Comte</name>
        <utility/>
      </fedict.edrl.domain.Municipality>
      <fedict.edrl.domain.Municipality>
        <postCode>7100</postCode>
        <nisCode>55022</nisCode>
        <name>La Louvière</name>
        <utility/>
      </fedict.edrl.domain.Municipality>
      <fedict.edrl.domain.Municipality>
        <postCode>7120</postCode>
        <nisCode>56085</nisCode>
        <name>Estinnes</name>
        <utility/>
      </fedict.edrl.domain.Municipality>
      <fedict.edrl.domain.Municipality>
        <postCode>7130</postCode>
        <nisCode>56011</nisCode>
        <name>Binche</name>
        <utility/>
      </fedict.edrl.domain.Municipality>
      <fedict.edrl.domain.Municipality>
        <postCode>7140</postCode>
        <nisCode>56087</nisCode>
        <name>Morlanwelz</name>
        <utility/>
      </fedict.edrl.domain.Municipality>
      <fedict.edrl.domain.Municipality>
        <postCode>7160</postCode>
        <nisCode>52010</nisCode>
        <name>Chapelle-lez-Herlaimont</name>
        <utility/>
      </fedict.edrl.domain.Municipality>
      <fedict.edrl.domain.Municipality>
        <postCode>7170</postCode>
        <nisCode>52043</nisCode>
        <name>Manage</name>
        <utility/>
      </fedict.edrl.domain.Municipality>
      <fedict.edrl.domain.Municipality>
        <postCode>7180</postCode>
        <nisCode>52063</nisCode>
        <name>Seneffe</name>
        <utility/>
      </fedict.edrl.domain.Municipality>
      <fedict.edrl.domain.Municipality>
        <postCode>7190</postCode>
        <nisCode>55050</nisCode>
        <name>Ecaussinnes</name>
        <utility/>
      </fedict.edrl.domain.Municipality>
      <fedict.edrl.domain.Municipality>
        <postCode>7300</postCode>
        <nisCode>53014</nisCode>
        <name>Boussu</name>
        <utility/>
      </fedict.edrl.domain.Municipality>
      <fedict.edrl.domain.Municipality>
        <postCode>7320</postCode>
        <nisCode>51009</nisCode>
        <name>Bernissart</name>
        <utility/>
      </fedict.edrl.domain.Municipality>
      <fedict.edrl.domain.Municipality>
        <postCode>7330</postCode>
        <nisCode>53070</nisCode>
        <name>Saint-Ghislain</name>
        <utility/>
      </fedict.edrl.domain.Municipality>
      <fedict.edrl.domain.Municipality>
        <postCode>7340</postCode>
        <nisCode>53082</nisCode>
        <name>Colfontaine</name>
        <utility/>
      </fedict.edrl.domain.Municipality>
      <fedict.edrl.domain.Municipality>
        <postCode>7350</postCode>
        <nisCode>53039</nisCode>
        <name>Hensies</name>
        <utility/>
      </fedict.edrl.domain.Municipality>
      <fedict.edrl.domain.Municipality>
        <postCode>7370</postCode>
        <nisCode>53020</nisCode>
        <name>Dour</name>
        <utility/>
      </fedict.edrl.domain.Municipality>
      <fedict.edrl.domain.Municipality>
        <postCode>7380</postCode>
        <nisCode>53068</nisCode>
        <name>Quiévrain</name>
        <utility/>
      </fedict.edrl.domain.Municipality>
      <fedict.edrl.domain.Municipality>
        <postCode>7387</postCode>
        <nisCode>53083</nisCode>
        <name>Honnelles</name>
        <utility/>
      </fedict.edrl.domain.Municipality>
      <fedict.edrl.domain.Municipality>
        <postCode>7390</postCode>
        <nisCode>53065</nisCode>
        <name>Quaregnon</name>
        <utility/>
      </fedict.edrl.domain.Municipality>
      <fedict.edrl.domain.Municipality>
        <postCode>7500</postCode>
        <nisCode>57081</nisCode>
        <name>Tournai</name>
        <utility/>
      </fedict.edrl.domain.Municipality>
      <fedict.edrl.domain.Municipality>
        <postCode>7600</postCode>
        <nisCode>57064</nisCode>
        <name>Péruwelz</name>
        <utility/>
      </fedict.edrl.domain.Municipality>
      <fedict.edrl.domain.Municipality>
        <postCode>7610</postCode>
        <nisCode>57072</nisCode>
        <name>Rumes</name>
        <utility/>
      </fedict.edrl.domain.Municipality>
      <fedict.edrl.domain.Municipality>
        <postCode>7620</postCode>
        <nisCode>57093</nisCode>
        <name>Brunehaut</name>
        <utility/>
      </fedict.edrl.domain.Municipality>
      <fedict.edrl.domain.Municipality>
        <postCode>7640</postCode>
        <nisCode>57003</nisCode>
        <name>Antoing</name>
        <utility/>
      </fedict.edrl.domain.Municipality>
      <fedict.edrl.domain.Municipality>
        <postCode>7700</postCode>
        <nisCode>54007</nisCode>
        <name>Mouscron</name>
        <utility/>
      </fedict.edrl.domain.Municipality>
      <fedict.edrl.domain.Municipality>
        <postCode>7730</postCode>
        <nisCode>57027</nisCode>
        <name>Estaimpuis</name>
        <utility/>
      </fedict.edrl.domain.Municipality>
      <fedict.edrl.domain.Municipality>
        <postCode>7740</postCode>
        <nisCode>57062</nisCode>
        <name>Pecq</name>
        <utility/>
      </fedict.edrl.domain.Municipality>
      <fedict.edrl.domain.Municipality>
        <postCode>7750</postCode>
        <nisCode>57095</nisCode>
        <name>Mont-de-l’Enclus</name>
        <utility/>
      </fedict.edrl.domain.Municipality>
      <fedict.edrl.domain.Municipality>
        <postCode>7760</postCode>
        <nisCode>57018</nisCode>
        <name>Celles (Tournai)</name>
        <utility/>
      </fedict.edrl.domain.Municipality>
      <fedict.edrl.domain.Municipality>
        <postCode>7780</postCode>
        <nisCode>54010</nisCode>
        <name>Comines-Warneton</name>
        <utility/>
      </fedict.edrl.domain.Municipality>
      <fedict.edrl.domain.Municipality>
        <postCode>7800</postCode>
        <nisCode>51004</nisCode>
        <name>Ath</name>
        <utility/>
      </fedict.edrl.domain.Municipality>
      <fedict.edrl.domain.Municipality>
        <postCode>7830</postCode>
        <nisCode>55039</nisCode>
        <name>Silly</name>
        <utility/>
      </fedict.edrl.domain.Municipality>
      <fedict.edrl.domain.Municipality>
        <postCode>7850</postCode>
        <nisCode>55010</nisCode>
        <name>Enghien</name>
        <utility/>
      </fedict.edrl.domain.Municipality>
      <fedict.edrl.domain.Municipality>
        <postCode>7860</postCode>
        <nisCode>55023</nisCode>
        <name>Lessines</name>
        <utility/>
      </fedict.edrl.domain.Municipality>
      <fedict.edrl.domain.Municipality>
        <postCode>7870</postCode>
        <nisCode>53046</nisCode>
        <name>Lens</name>
        <utility/>
      </fedict.edrl.domain.Municipality>
      <fedict.edrl.domain.Municipality>
        <postCode>7880</postCode>
        <nisCode>51019</nisCode>
        <name>Flobecq</name>
        <utility/>
      </fedict.edrl.domain.Municipality>
      <fedict.edrl.domain.Municipality>
        <postCode>7890</postCode>
        <nisCode>51017</nisCode>
        <name>Ellezelles</name>
        <utility/>
      </fedict.edrl.domain.Municipality>
      <fedict.edrl.domain.Municipality>
        <postCode>7900</postCode>
        <nisCode>57094</nisCode>
        <name>Leuze-en-Hainaut</name>
        <utility/>
      </fedict.edrl.domain.Municipality>
      <fedict.edrl.domain.Municipality>
        <postCode>7910</postCode>
        <nisCode>51065</nisCode>
        <name>Frasnes-lez-Anvaing</name>
        <utility/>
      </fedict.edrl.domain.Municipality>
      <fedict.edrl.domain.Municipality>
        <postCode>7940</postCode>
        <nisCode>51012</nisCode>
        <name>Brugelette</name>
        <utility/>
      </fedict.edrl.domain.Municipality>
      <fedict.edrl.domain.Municipality>
        <postCode>7950</postCode>
        <nisCode>51014</nisCode>
        <name>Chièvres</name>
        <utility/>
      </fedict.edrl.domain.Municipality>
      <fedict.edrl.domain.Municipality>
        <postCode>7970</postCode>
        <nisCode>51008</nisCode>
        <name>Beloeil</name>
        <utility/>
      </fedict.edrl.domain.Municipality>
    </municipalities>
    <address>
      <addressId>
        <mainCode>FED/Ordre Barreaux FR GE/Orde Advocaten FR DE</mainCode>
        <subCode>-</subCode>
        <addressType>ADMINISTRATION</addressType>
      </addressId>
      <application>
        <description>Anwendung die Ihnen gestattet, eine französisch- oder deutschsprachige Anwaltskammer zu finden</description>
        <name>Adressen der Anwaltskammern</name>
        <url>http://195.234.184.64/frame-totaal-f.htm</url>
        <utility/>
      </application>
      <box></box>
      <building></building>
      <contactCenter>http://www.avocat.be/contact,fr,69.html</contactCenter>
      <contactCenterTelephone></contactCenterTelephone>
      <description>&lt;div class=ExternalClassB24AAA8B9DF844148D12E66542146B79&gt;&lt;div&gt;Die Kammer ist die Standesorganisation, in der alle Anwälte und Anwältinnen eines Gebiets (Gerichtsbezirk) organisiert sind. Um seinen Beruf ausüben zu können, muss jeder Anwalt einer Kammer angehören.&lt;/div&gt;&lt;/div&gt;</description>
      <email>info@avocats.be</email>
      <fax>+32(0)648119</fax>
      <municipality>Bruxelles</municipality>
      <nisCode></nisCode>
      <number>65</number>
      <postcode>1060</postcode>
      <remark>&lt;div class=ExternalClass1D305A1139A34F2BB17B9C2C840BF7FA&gt;&lt;div&gt;Scope obligatoire&lt;/div&gt;&lt;/div&gt;</remark>
      <street>Avenue de la Toison d&apos;Or</street>
      <telephone>+32(0)648209</telephone>
      <website>http://www.avocat.be</website>
      <utility/>
    </address>
    <type>ADMINISTRATION</type>
    <municipalityType>LIST</municipalityType>
  </responsibleAdministration>
  <sanctions></sanctions>
  <specificLegalMeansDescription></specificLegalMeansDescription>
  <legalBases>
    <fedict.edrl.domain.Link>
      <url></url>
      <description></description>
      <utility/>
    </fedict.edrl.domain.Link>
  </legalBases>
  <additionalInformation>
    <fedict.edrl.domain.Link>
      <url></url>
      <description></description>
      <utility/>
    </fedict.edrl.domain.Link>
  </additionalInformation>
  <providerSpecificLegalMeansDescription></providerSpecificLegalMeansDescription>
  <products/>
  <utility defined-in="fedict.edrl.domain.AbstractProcedure"/>
  <longDescription></longDescription>
  <utility/>
</fedict.edrl.domain.Requirement>