<fedict.edrl.domain.Procedure>
  <contentId>50240</contentId>
  <templateVersion>1,85</templateVersion>
  <language>DE</language>
  <lifecycle>START</lifecycle>
  <indicators>
    <targetGroup>
      <belgianCompany>true</belgianCompany>
      <euServiceProvider>true</euServiceProvider>
      <nonEuServiceProvider>true</nonEuServiceProvider>
      <euTemporaryServiceProvider>false</euTemporaryServiceProvider>
      <nonEuTemporaryServiceProvider>false</nonEuTemporaryServiceProvider>
    </targetGroup>
    <domain>
      <specificActivity>true</specificActivity>
      <building>false</building>
      <company>false</company>
      <registration>false</registration>
      <socialSecurity>false</socialSecurity>
      <taxation>false</taxation>
      <recruitment>false</recruitment>
    </domain>
    <companyType>
      <naturalPerson>true</naturalPerson>
      <lawPerson>false</lawPerson>
      <nonLawPerson>false</nonLawPerson>
    </companyType>
    <entity>
      <company>true</company>
      <unit>false</unit>
      <person>false</person>
      <property>false</property>
    </entity>
    <countryPart>
      <dutch>false</dutch>
      <french>false</french>
      <german>false</german>
      <brussels>true</brussels>
    </countryPart>
  </indicators>
  <principal>true</principal>
  <displayOrder>10000</displayOrder>
  <commonSectorType>LIST</commonSectorType>
  <possibleSectorType>LIST</possibleSectorType>
  <legalMeansType>CLASSIC</legalMeansType>
  <providerLegalMeansType>CLASSIC</providerLegalMeansType>
  <singlePointOfContact>GUIDELINE_REQUIRED_ELOKET</singlePointOfContact>
  <translated>false</translated>
  <original>false</original>
  <version>1</version>
  <title>Zulassung von Gästezimmern</title>
  <applicationSummary></applicationSummary>
  <shortDescription></shortDescription>
  <applicableTo></applicableTo>
  <applicableExceptions></applicableExceptions>
  <formalities></formalities>
  <commonSectors>
    <fedict.edrl.domain.Sector>
      <code>08 - Horeca Location Tourisme / Horeca Verhuur Toerisme</code>
      <name>Gastgewerbe, Vermietung und Tourismus</name>
      <language>DE</language>
      <displaySector>true</displaySector>
      <utility/>
    </fedict.edrl.domain.Sector>
  </commonSectors>
  <commonActivities>
    <fedict.edrl.domain.Activity>
      <activityCode>07 - Chambres d&apos;hôtes / </activityCode>
      <sectorCode>08 - Horeca Location Tourisme / Horeca Verhuur Toerisme</sectorCode>
      <name>Gästezimmer</name>
      <displayActivity>true</displayActivity>
      <language>DE</language>
    </fedict.edrl.domain.Activity>
  </commonActivities>
  <possibleSectors/>
  <possibleActivities/>
  <responsibleAdministration>
    <politicalLevel>
      <utility/>
    </politicalLevel>
    <service>
      <code>COCOF/Tourisme/Toerisme</code>
      <admininstrationCode>COCOF/COCOF/COCOF</admininstrationCode>
      <internalCode></internalCode>
      <organismType>Admin (service)</organismType>
      <name>Tourismus Dienst</name>
      <utility/>
    </service>
    <municipalities>
      <fedict.edrl.domain.Municipality>
        <postCode>1000</postCode>
        <nisCode>21004</nisCode>
        <name>Brüssel</name>
        <utility/>
      </fedict.edrl.domain.Municipality>
      <fedict.edrl.domain.Municipality>
        <postCode>1030</postCode>
        <nisCode>21015</nisCode>
        <name>Schaerbeek</name>
        <utility/>
      </fedict.edrl.domain.Municipality>
      <fedict.edrl.domain.Municipality>
        <postCode>1040</postCode>
        <nisCode>21005</nisCode>
        <name>Etterbeek</name>
        <utility/>
      </fedict.edrl.domain.Municipality>
      <fedict.edrl.domain.Municipality>
        <postCode>1050</postCode>
        <nisCode>21009</nisCode>
        <name>Ixelles</name>
        <utility/>
      </fedict.edrl.domain.Municipality>
      <fedict.edrl.domain.Municipality>
        <postCode>1060</postCode>
        <nisCode>21013</nisCode>
        <name>Saint-Gilles</name>
        <utility/>
      </fedict.edrl.domain.Municipality>
      <fedict.edrl.domain.Municipality>
        <postCode>1070</postCode>
        <nisCode>21001</nisCode>
        <name>Anderlecht</name>
        <utility/>
      </fedict.edrl.domain.Municipality>
      <fedict.edrl.domain.Municipality>
        <postCode>1080</postCode>
        <nisCode>21012</nisCode>
        <name>Molenbeek-Saint-Jean</name>
        <utility/>
      </fedict.edrl.domain.Municipality>
      <fedict.edrl.domain.Municipality>
        <postCode>1081</postCode>
        <nisCode>21011</nisCode>
        <name>Koekelberg</name>
        <utility/>
      </fedict.edrl.domain.Municipality>
      <fedict.edrl.domain.Municipality>
        <postCode>1082</postCode>
        <nisCode>21003</nisCode>
        <name>Berchem-Sainte-Agathe</name>
        <utility/>
      </fedict.edrl.domain.Municipality>
      <fedict.edrl.domain.Municipality>
        <postCode>1083</postCode>
        <nisCode>21008</nisCode>
        <name>Ganshoren</name>
        <utility/>
      </fedict.edrl.domain.Municipality>
      <fedict.edrl.domain.Municipality>
        <postCode>1090</postCode>
        <nisCode>21010</nisCode>
        <name>Jette</name>
        <utility/>
      </fedict.edrl.domain.Municipality>
      <fedict.edrl.domain.Municipality>
        <postCode>1140</postCode>
        <nisCode>21006</nisCode>
        <name>Evere</name>
        <utility/>
      </fedict.edrl.domain.Municipality>
      <fedict.edrl.domain.Municipality>
        <postCode>1150</postCode>
        <nisCode>21019</nisCode>
        <name>Woluwe-Saint-Pierre</name>
        <utility/>
      </fedict.edrl.domain.Municipality>
      <fedict.edrl.domain.Municipality>
        <postCode>1160</postCode>
        <nisCode>21002</nisCode>
        <name>Auderghem</name>
        <utility/>
      </fedict.edrl.domain.Municipality>
      <fedict.edrl.domain.Municipality>
        <postCode>1170</postCode>
        <nisCode>21017</nisCode>
        <name>Watermael-Boitsfort</name>
        <utility/>
      </fedict.edrl.domain.Municipality>
      <fedict.edrl.domain.Municipality>
        <postCode>1180</postCode>
        <nisCode>21016</nisCode>
        <name>Uccle</name>
        <utility/>
      </fedict.edrl.domain.Municipality>
      <fedict.edrl.domain.Municipality>
        <postCode>1190</postCode>
        <nisCode>21007</nisCode>
        <name>Forest (Bruxelles-Capitale)</name>
        <utility/>
      </fedict.edrl.domain.Municipality>
      <fedict.edrl.domain.Municipality>
        <postCode>1200</postCode>
        <nisCode>21018</nisCode>
        <name>Woluwe-Saint-Lambert</name>
        <utility/>
      </fedict.edrl.domain.Municipality>
      <fedict.edrl.domain.Municipality>
        <postCode>1210</postCode>
        <nisCode>21014</nisCode>
        <name>Saint-Josse-ten-Noode</name>
        <utility/>
      </fedict.edrl.domain.Municipality>
    </municipalities>
    <address>
      <addressId>
        <mainCode>COCOF/COCOF/COCOF</mainCode>
        <subCode>COCOF/Tourisme/Toerisme</subCode>
        <addressType>ADMINISTRATION</addressType>
      </addressId>
      <box></box>
      <building></building>
      <contactCenter></contactCenter>
      <contactCenterTelephone></contactCenterTelephone>
      <description>&lt;div class=ExternalClass085821990BC54C61AF1ABF6B4A7C12E0&gt;
&lt;div&gt;Der Dienst Tourismus kümmert sich um die Anwendung der Gesetzgebung im Tourismusbereich insbesondere das Hotelstatut, die Anerkennung der ‘chambres d’hôtes’ (Zimmer mit Frühstück) und das Statut der Reiseagenturen.&lt;br&gt;Die COCOF gewährt den Vereinigungen Betriebssubventionen, die im Bereich Tourismus aktiv sind, sowie Investitionssubventionen für die touristischen Ausrüstungen. Die COCOF investiert auch direkt (öffentliche Ausschreibungen) in die Förderung, die Verbreitung, die Veröffentlichung, die Studien, die touristische Ausrüstung (touristische Ausschilderung) sowie für die Verwaltung ihrer Gebäude (die Unterbringungszentren für Jugendliche, deren Besitzer sie ist).&lt;/div&gt;&lt;/div&gt;</description>
      <email>tourisme@cocof.irisnet.be</email>
      <fax>+32(0)28008277</fax>
      <municipality>Schaerbeek</municipality>
      <nisCode>21015</nisCode>
      <number>42</number>
      <postcode>1030</postcode>
      <remark>&lt;div class=ExternalClass2DC6F01065954C6A80CC74E1BB7894B3&gt;
&lt;div&gt;&lt;/div&gt;&lt;/div&gt;</remark>
      <street>Rue des Palais</street>
      <telephone>+32(0)28008301</telephone>
      <website>http://www.cocof.irisnet.be/site/fr/tourisme/index_htm/</website>
      <utility/>
    </address>
    <type>ADMINISTRATION</type>
    <municipalityType>LIST</municipalityType>
  </responsibleAdministration>
  <sanctions></sanctions>
  <specificLegalMeansDescription></specificLegalMeansDescription>
  <legalBases>
    <fedict.edrl.domain.Link>
      <url></url>
      <description></description>
      <utility/>
    </fedict.edrl.domain.Link>
  </legalBases>
  <additionalInformation>
    <fedict.edrl.domain.Link>
      <url></url>
      <description></description>
      <utility/>
    </fedict.edrl.domain.Link>
  </additionalInformation>
  <providerSpecificLegalMeansDescription></providerSpecificLegalMeansDescription>
  <products/>
  <utility defined-in="fedict.edrl.domain.AbstractProcedure"/>
  <introductionRequest>
    <municipalities>
      <fedict.edrl.domain.Municipality>
        <postCode>1000</postCode>
        <nisCode>21004</nisCode>
        <name>Brüssel</name>
        <utility/>
      </fedict.edrl.domain.Municipality>
      <fedict.edrl.domain.Municipality>
        <postCode>1030</postCode>
        <nisCode>21015</nisCode>
        <name>Schaerbeek</name>
        <utility/>
      </fedict.edrl.domain.Municipality>
      <fedict.edrl.domain.Municipality>
        <postCode>1040</postCode>
        <nisCode>21005</nisCode>
        <name>Etterbeek</name>
        <utility/>
      </fedict.edrl.domain.Municipality>
      <fedict.edrl.domain.Municipality>
        <postCode>1050</postCode>
        <nisCode>21009</nisCode>
        <name>Ixelles</name>
        <utility/>
      </fedict.edrl.domain.Municipality>
      <fedict.edrl.domain.Municipality>
        <postCode>1060</postCode>
        <nisCode>21013</nisCode>
        <name>Saint-Gilles</name>
        <utility/>
      </fedict.edrl.domain.Municipality>
      <fedict.edrl.domain.Municipality>
        <postCode>1070</postCode>
        <nisCode>21001</nisCode>
        <name>Anderlecht</name>
        <utility/>
      </fedict.edrl.domain.Municipality>
      <fedict.edrl.domain.Municipality>
        <postCode>1080</postCode>
        <nisCode>21012</nisCode>
        <name>Molenbeek-Saint-Jean</name>
        <utility/>
      </fedict.edrl.domain.Municipality>
      <fedict.edrl.domain.Municipality>
        <postCode>1081</postCode>
        <nisCode>21011</nisCode>
        <name>Koekelberg</name>
        <utility/>
      </fedict.edrl.domain.Municipality>
      <fedict.edrl.domain.Municipality>
        <postCode>1082</postCode>
        <nisCode>21003</nisCode>
        <name>Berchem-Sainte-Agathe</name>
        <utility/>
      </fedict.edrl.domain.Municipality>
      <fedict.edrl.domain.Municipality>
        <postCode>1083</postCode>
        <nisCode>21008</nisCode>
        <name>Ganshoren</name>
        <utility/>
      </fedict.edrl.domain.Municipality>
      <fedict.edrl.domain.Municipality>
        <postCode>1090</postCode>
        <nisCode>21010</nisCode>
        <name>Jette</name>
        <utility/>
      </fedict.edrl.domain.Municipality>
      <fedict.edrl.domain.Municipality>
        <postCode>1140</postCode>
        <nisCode>21006</nisCode>
        <name>Evere</name>
        <utility/>
      </fedict.edrl.domain.Municipality>
      <fedict.edrl.domain.Municipality>
        <postCode>1150</postCode>
        <nisCode>21019</nisCode>
        <name>Woluwe-Saint-Pierre</name>
        <utility/>
      </fedict.edrl.domain.Municipality>
      <fedict.edrl.domain.Municipality>
        <postCode>1160</postCode>
        <nisCode>21002</nisCode>
        <name>Auderghem</name>
        <utility/>
      </fedict.edrl.domain.Municipality>
      <fedict.edrl.domain.Municipality>
        <postCode>1170</postCode>
        <nisCode>21017</nisCode>
        <name>Watermael-Boitsfort</name>
        <utility/>
      </fedict.edrl.domain.Municipality>
      <fedict.edrl.domain.Municipality>
        <postCode>1180</postCode>
        <nisCode>21016</nisCode>
        <name>Uccle</name>
        <utility/>
      </fedict.edrl.domain.Municipality>
      <fedict.edrl.domain.Municipality>
        <postCode>1190</postCode>
        <nisCode>21007</nisCode>
        <name>Forest (Bruxelles-Capitale)</name>
        <utility/>
      </fedict.edrl.domain.Municipality>
      <fedict.edrl.domain.Municipality>
        <postCode>1200</postCode>
        <nisCode>21018</nisCode>
        <name>Woluwe-Saint-Lambert</name>
        <utility/>
      </fedict.edrl.domain.Municipality>
      <fedict.edrl.domain.Municipality>
        <postCode>1210</postCode>
        <nisCode>21014</nisCode>
        <name>Saint-Josse-ten-Noode</name>
        <utility/>
      </fedict.edrl.domain.Municipality>
    </municipalities>
    <politicalLevel>
      <utility/>
    </politicalLevel>
    <service>
      <code>COCOF/Tourisme/Toerisme</code>
      <admininstrationCode>COCOF/COCOF/COCOF</admininstrationCode>
      <internalCode></internalCode>
      <organismType>Admin (service)</organismType>
      <name>Tourismus Dienst</name>
      <utility/>
    </service>
    <address>
      <addressId>
        <mainCode>COCOF/COCOF/COCOF</mainCode>
        <subCode>COCOF/Tourisme/Toerisme</subCode>
        <addressType>ADMINISTRATION</addressType>
      </addressId>
      <box></box>
      <building></building>
      <contactCenter></contactCenter>
      <contactCenterTelephone></contactCenterTelephone>
      <description>&lt;div class=ExternalClass085821990BC54C61AF1ABF6B4A7C12E0&gt;
&lt;div&gt;Der Dienst Tourismus kümmert sich um die Anwendung der Gesetzgebung im Tourismusbereich insbesondere das Hotelstatut, die Anerkennung der ‘chambres d’hôtes’ (Zimmer mit Frühstück) und das Statut der Reiseagenturen.&lt;br&gt;Die COCOF gewährt den Vereinigungen Betriebssubventionen, die im Bereich Tourismus aktiv sind, sowie Investitionssubventionen für die touristischen Ausrüstungen. Die COCOF investiert auch direkt (öffentliche Ausschreibungen) in die Förderung, die Verbreitung, die Veröffentlichung, die Studien, die touristische Ausrüstung (touristische Ausschilderung) sowie für die Verwaltung ihrer Gebäude (die Unterbringungszentren für Jugendliche, deren Besitzer sie ist).&lt;/div&gt;&lt;/div&gt;</description>
      <email>tourisme@cocof.irisnet.be</email>
      <fax>+32(0)28008277</fax>
      <municipality>Schaerbeek</municipality>
      <nisCode>21015</nisCode>
      <number>42</number>
      <postcode>1030</postcode>
      <remark>&lt;div class=ExternalClass2DC6F01065954C6A80CC74E1BB7894B3&gt;
&lt;div&gt;&lt;/div&gt;&lt;/div&gt;</remark>
      <street>Rue des Palais</street>
      <telephone>+32(0)28008301</telephone>
      <website>http://www.cocof.irisnet.be/site/fr/tourisme/index_htm/</website>
      <utility/>
    </address>
  </introductionRequest>
  <frequency></frequency>
  <conditions></conditions>
  <price></price>
  <authorizationPeriod></authorizationPeriod>
  <forms>
    <fedict.edrl.domain.Link>
      <url></url>
      <description></description>
      <utility/>
    </fedict.edrl.domain.Link>
  </forms>
  <annexes></annexes>
  <childProcedures/>
  <utility/>
</fedict.edrl.domain.Procedure>