<fedict.edrl.domain.Procedure>
  <contentId>50295</contentId>
  <templateVersion>1,85</templateVersion>
  <language>DE</language>
  <lifecycle>START</lifecycle>
  <indicators>
    <targetGroup>
      <belgianCompany>true</belgianCompany>
      <euServiceProvider>true</euServiceProvider>
      <nonEuServiceProvider>true</nonEuServiceProvider>
      <euTemporaryServiceProvider>true</euTemporaryServiceProvider>
      <nonEuTemporaryServiceProvider>true</nonEuTemporaryServiceProvider>
    </targetGroup>
    <domain>
      <specificActivity>true</specificActivity>
      <building>false</building>
      <company>false</company>
      <registration>false</registration>
      <socialSecurity>false</socialSecurity>
      <taxation>false</taxation>
      <recruitment>false</recruitment>
    </domain>
    <companyType>
      <naturalPerson>true</naturalPerson>
      <lawPerson>true</lawPerson>
      <nonLawPerson>true</nonLawPerson>
    </companyType>
    <entity>
      <company>true</company>
      <unit>false</unit>
      <person>false</person>
      <property>false</property>
    </entity>
    <countryPart>
      <dutch>false</dutch>
      <french>false</french>
      <german>true</german>
      <brussels>false</brussels>
    </countryPart>
  </indicators>
  <principal>true</principal>
  <displayOrder>10000</displayOrder>
  <commonSectorType>LIST</commonSectorType>
  <possibleSectorType>LIST</possibleSectorType>
  <legalMeansType>CLASSIC</legalMeansType>
  <providerLegalMeansType>CLASSIC</providerLegalMeansType>
  <singlePointOfContact>GUIDELINE_REQUIRED_ELOKET</singlePointOfContact>
  <translated>true</translated>
  <original>false</original>
  <version>1</version>
  <title>Anerkennung von Labors für die Dopingbekämpfung</title>
  <applicationSummary>&lt;div&gt;Wenn Sie ein Laboratorium für die Dopingbekämpfung im deutschen Sprachgebiet betreiben möchten&lt;/div&gt;</applicationSummary>
  <shortDescription>&lt;div&gt;Wenn Sie ein Labor für die Dopingbekämpfung im deutschen Sprachgebiet betreiben möchten, müssen Sie von der Welt-Anti-Doping-Agentur (WADA) anerkannt werden.&lt;/div&gt;</shortDescription>
  <applicableTo>&lt;div&gt;Jeder Laborbetreiber.&lt;/div&gt;</applicableTo>
  <applicableExceptions></applicableExceptions>
  <formalities></formalities>
  <commonSectors>
    <fedict.edrl.domain.Sector>
      <code>12 - Professions Santé / Gezondheidsberoepen</code>
      <name>Gesundheitspflegeberufe</name>
      <language>DE</language>
      <displaySector>true</displaySector>
      <utility/>
    </fedict.edrl.domain.Sector>
  </commonSectors>
  <commonActivities>
    <fedict.edrl.domain.Activity>
      <activityCode>08 - Laboratoires Médicaux / Medische Laboratoria</activityCode>
      <sectorCode>12 - Professions Santé / Gezondheidsberoepen</sectorCode>
      <name>Medizinische Labore</name>
      <displayActivity>false</displayActivity>
      <language>DE</language>
    </fedict.edrl.domain.Activity>
  </commonActivities>
  <possibleSectors/>
  <possibleActivities/>
  <responsibleAdministration>
    <politicalLevel>
      <utility/>
    </politicalLevel>
    <service>
      <code>DG/Service des Sports/Dienst Sport</code>
      <admininstrationCode>DG/MinistereCG/MinisterieDG</admininstrationCode>
      <internalCode></internalCode>
      <organismType>Admin (service)</organismType>
      <name>Sportdienst</name>
      <utility/>
    </service>
    <municipalities>
      <fedict.edrl.domain.Municipality>
        <postCode>4700</postCode>
        <nisCode>63023</nisCode>
        <name>Eupen</name>
        <utility/>
      </fedict.edrl.domain.Municipality>
      <fedict.edrl.domain.Municipality>
        <postCode>4710</postCode>
        <nisCode>63048</nisCode>
        <name>Lontzen</name>
        <utility/>
      </fedict.edrl.domain.Municipality>
      <fedict.edrl.domain.Municipality>
        <postCode>4720</postCode>
        <nisCode>63040</nisCode>
        <name>Kelmis</name>
        <utility/>
      </fedict.edrl.domain.Municipality>
      <fedict.edrl.domain.Municipality>
        <postCode>4730</postCode>
        <nisCode>63061</nisCode>
        <name>Raeren</name>
        <utility/>
      </fedict.edrl.domain.Municipality>
      <fedict.edrl.domain.Municipality>
        <postCode>4750</postCode>
        <nisCode>63013</nisCode>
        <name>Bütgenbach</name>
        <utility/>
      </fedict.edrl.domain.Municipality>
      <fedict.edrl.domain.Municipality>
        <postCode>4760</postCode>
        <nisCode>63012</nisCode>
        <name>Büllingen</name>
        <utility/>
      </fedict.edrl.domain.Municipality>
      <fedict.edrl.domain.Municipality>
        <postCode>4770</postCode>
        <nisCode>63001</nisCode>
        <name>Amel</name>
        <utility/>
      </fedict.edrl.domain.Municipality>
      <fedict.edrl.domain.Municipality>
        <postCode>4780</postCode>
        <nisCode>63067</nisCode>
        <name>Sankt Vith</name>
        <utility/>
      </fedict.edrl.domain.Municipality>
      <fedict.edrl.domain.Municipality>
        <postCode>4790</postCode>
        <nisCode>63087</nisCode>
        <name>Burg-Reuland</name>
        <utility/>
      </fedict.edrl.domain.Municipality>
    </municipalities>
    <address>
      <addressId>
        <mainCode>DG/MinistereCG/MinisterieDG</mainCode>
        <subCode>DG/Service des Sports/Dienst Sport</subCode>
        <addressType>ADMINISTRATION</addressType>
      </addressId>
      <box></box>
      <building></building>
      <contactCenter>http://www.dglive.be/Desktopdefault.aspx/tabid-103/</contactCenter>
      <contactCenterTelephone></contactCenterTelephone>
      <description></description>
      <email>kultur@dgov.be</email>
      <fax>+32(0)87556476</fax>
      <municipality>Eupen</municipality>
      <nisCode></nisCode>
      <number>1</number>
      <postcode>4700</postcode>
      <remark></remark>
      <street>Gospertstraße</street>
      <telephone>+32(0)87596300</telephone>
      <website>www.dglive.be</website>
      <utility/>
    </address>
    <type>ADMINISTRATION</type>
    <municipalityType>LIST</municipalityType>
  </responsibleAdministration>
  <sanctions></sanctions>
  <specificLegalMeansDescription></specificLegalMeansDescription>
  <legalBases>
    <fedict.edrl.domain.Link>
      <url></url>
      <description></description>
      <utility/>
    </fedict.edrl.domain.Link>
  </legalBases>
  <additionalInformation>
    <fedict.edrl.domain.Link>
      <url></url>
      <description></description>
      <utility/>
    </fedict.edrl.domain.Link>
  </additionalInformation>
  <providerSpecificLegalMeansDescription></providerSpecificLegalMeansDescription>
  <products/>
  <utility defined-in="fedict.edrl.domain.AbstractProcedure"/>
  <introductionRequest>
    <municipalities>
      <fedict.edrl.domain.Municipality>
        <postCode>4700</postCode>
        <nisCode>63023</nisCode>
        <name>Eupen</name>
        <utility/>
      </fedict.edrl.domain.Municipality>
      <fedict.edrl.domain.Municipality>
        <postCode>4710</postCode>
        <nisCode>63048</nisCode>
        <name>Lontzen</name>
        <utility/>
      </fedict.edrl.domain.Municipality>
      <fedict.edrl.domain.Municipality>
        <postCode>4720</postCode>
        <nisCode>63040</nisCode>
        <name>Kelmis</name>
        <utility/>
      </fedict.edrl.domain.Municipality>
      <fedict.edrl.domain.Municipality>
        <postCode>4730</postCode>
        <nisCode>63061</nisCode>
        <name>Raeren</name>
        <utility/>
      </fedict.edrl.domain.Municipality>
      <fedict.edrl.domain.Municipality>
        <postCode>4750</postCode>
        <nisCode>63013</nisCode>
        <name>Bütgenbach</name>
        <utility/>
      </fedict.edrl.domain.Municipality>
      <fedict.edrl.domain.Municipality>
        <postCode>4760</postCode>
        <nisCode>63012</nisCode>
        <name>Büllingen</name>
        <utility/>
      </fedict.edrl.domain.Municipality>
      <fedict.edrl.domain.Municipality>
        <postCode>4770</postCode>
        <nisCode>63001</nisCode>
        <name>Amel</name>
        <utility/>
      </fedict.edrl.domain.Municipality>
      <fedict.edrl.domain.Municipality>
        <postCode>4780</postCode>
        <nisCode>63067</nisCode>
        <name>Sankt Vith</name>
        <utility/>
      </fedict.edrl.domain.Municipality>
      <fedict.edrl.domain.Municipality>
        <postCode>4790</postCode>
        <nisCode>63087</nisCode>
        <name>Burg-Reuland</name>
        <utility/>
      </fedict.edrl.domain.Municipality>
    </municipalities>
    <politicalLevel>
      <utility/>
    </politicalLevel>
    <service>
      <code>DG/Service des Sports/Dienst Sport</code>
      <admininstrationCode>DG/MinistereCG/MinisterieDG</admininstrationCode>
      <internalCode></internalCode>
      <organismType>Admin (service)</organismType>
      <name>Sportdienst</name>
      <utility/>
    </service>
    <address>
      <addressId>
        <mainCode>DG/MinistereCG/MinisterieDG</mainCode>
        <subCode>DG/Service des Sports/Dienst Sport</subCode>
        <addressType>ADMINISTRATION</addressType>
      </addressId>
      <box></box>
      <building></building>
      <contactCenter>http://www.dglive.be/Desktopdefault.aspx/tabid-103/</contactCenter>
      <contactCenterTelephone></contactCenterTelephone>
      <description></description>
      <email>kultur@dgov.be</email>
      <fax>+32(0)87556476</fax>
      <municipality>Eupen</municipality>
      <nisCode></nisCode>
      <number>1</number>
      <postcode>4700</postcode>
      <remark></remark>
      <street>Gospertstraße</street>
      <telephone>+32(0)87596300</telephone>
      <website>www.dglive.be</website>
      <utility/>
    </address>
  </introductionRequest>
  <frequency></frequency>
  <conditions></conditions>
  <price>&lt;div&gt;Gebühr der Welt-Anti-Doping-Agentur (WADA).&lt;/div&gt;</price>
  <authorizationPeriod>&lt;div&gt;Die Anerkennung gilt unbefristet.&lt;/div&gt;</authorizationPeriod>
  <forms>
    <fedict.edrl.domain.Link>
      <url></url>
      <description></description>
      <utility/>
    </fedict.edrl.domain.Link>
  </forms>
  <annexes></annexes>
  <childProcedures/>
  <utility/>
</fedict.edrl.domain.Procedure>