<fedict.edrl.domain.Procedure>
  <contentId>50291</contentId>
  <templateVersion>1,85</templateVersion>
  <language>DE</language>
  <lifecycle>START</lifecycle>
  <indicators>
    <targetGroup>
      <belgianCompany>true</belgianCompany>
      <euServiceProvider>true</euServiceProvider>
      <nonEuServiceProvider>true</nonEuServiceProvider>
      <euTemporaryServiceProvider>true</euTemporaryServiceProvider>
      <nonEuTemporaryServiceProvider>true</nonEuTemporaryServiceProvider>
    </targetGroup>
    <domain>
      <specificActivity>true</specificActivity>
      <building>false</building>
      <company>false</company>
      <registration>false</registration>
      <socialSecurity>false</socialSecurity>
      <taxation>false</taxation>
      <recruitment>false</recruitment>
    </domain>
    <companyType>
      <naturalPerson>true</naturalPerson>
      <lawPerson>true</lawPerson>
      <nonLawPerson>true</nonLawPerson>
    </companyType>
    <entity>
      <company>false</company>
      <unit>false</unit>
      <person>true</person>
      <property>false</property>
    </entity>
    <countryPart>
      <dutch>false</dutch>
      <french>false</french>
      <german>true</german>
      <brussels>false</brussels>
    </countryPart>
  </indicators>
  <principal>true</principal>
  <displayOrder>10000</displayOrder>
  <commonSectorType>LIST</commonSectorType>
  <possibleSectorType>LIST</possibleSectorType>
  <legalMeansType>CLASSIC</legalMeansType>
  <providerLegalMeansType>CLASSIC</providerLegalMeansType>
  <singlePointOfContact>GUIDELINE_REQUIRED_ELOKET</singlePointOfContact>
  <translated>true</translated>
  <original>false</original>
  <version>1</version>
  <title>Genehmigung für archäologische Sondierungen oder Ausgrabungen</title>
  <applicationSummary>&lt;div&gt;Wenn Sie archäologische Sondierungen oder Ausgrabungen im deutschen Sprachgebiet vornehmen möchten&lt;/div&gt;</applicationSummary>
  <shortDescription>&lt;div&gt;Wenn Sie Ausgrabungen oder archäologische Sondierungen im deutschen Sprachgebiet vornehmen möchten, müssen Sie eine entsprechende vorherige Genehmigung einholen. &lt;/div&gt;</shortDescription>
  <applicableTo>&lt;div&gt;Archäologen, Historiker, Wissenschaftler und im Allgemeinen jede Person, die Ausgrabungen oder archäologische Sondierungen vornehmen möchte.&lt;/div&gt;</applicableTo>
  <applicableExceptions></applicableExceptions>
  <formalities>&lt;div&gt;1. Regelmäßige Berichte an das Ministerium über den Fortgang der Arbeiten; &lt;br&gt;&lt;/br&gt;2. Bei Abschluss der Arbeiten Übermittlung eines Endberichts an das Ministerium; &lt;br&gt;&lt;/br&gt;3. Information an das Ministerium innerhalb von 15 Tagen über jede bedeutende Änderung der Umstände für die Arbeiten, insbesondere jeden Wechsel des Verantwortlichen, jede Verringerung der verfügbaren personellen oder technischen Mittel, jede Verlängerung der Arbeiten sowie jede Abänderung der geplanten Rückversetzungs- und Konservierungsmaßnahmen.&lt;/div&gt;</formalities>
  <commonSectors>
    <fedict.edrl.domain.Sector>
      <code>03 - Amusement / Amusement</code>
      <name>Kultur, Sport und Erholung</name>
      <language>DE</language>
      <displaySector>true</displaySector>
      <utility/>
    </fedict.edrl.domain.Sector>
  </commonSectors>
  <commonActivities>
    <fedict.edrl.domain.Activity>
      <activityCode>09 - Fouilles Archéologiques / Archeologische Opgravingen</activityCode>
      <sectorCode>03 - Amusement / Amusement</sectorCode>
      <name>Archäologische Grabungen</name>
      <displayActivity>true</displayActivity>
      <language>DE</language>
    </fedict.edrl.domain.Activity>
  </commonActivities>
  <possibleSectors/>
  <possibleActivities/>
  <responsibleAdministration>
    <politicalLevel>
      <utility/>
    </politicalLevel>
    <service>
      <code>DG/Service Culture/Dienst Cultuur</code>
      <admininstrationCode>DG/MinistereCG/MinisterieDG</admininstrationCode>
      <internalCode></internalCode>
      <organismType>Admin (service)</organismType>
      <name>Dienst für Kultur</name>
      <utility/>
    </service>
    <municipalities>
      <fedict.edrl.domain.Municipality>
        <postCode>4700</postCode>
        <nisCode>63023</nisCode>
        <name>Eupen</name>
        <utility/>
      </fedict.edrl.domain.Municipality>
      <fedict.edrl.domain.Municipality>
        <postCode>4710</postCode>
        <nisCode>63048</nisCode>
        <name>Lontzen</name>
        <utility/>
      </fedict.edrl.domain.Municipality>
      <fedict.edrl.domain.Municipality>
        <postCode>4720</postCode>
        <nisCode>63040</nisCode>
        <name>Kelmis</name>
        <utility/>
      </fedict.edrl.domain.Municipality>
      <fedict.edrl.domain.Municipality>
        <postCode>4730</postCode>
        <nisCode>63061</nisCode>
        <name>Raeren</name>
        <utility/>
      </fedict.edrl.domain.Municipality>
      <fedict.edrl.domain.Municipality>
        <postCode>4750</postCode>
        <nisCode>63013</nisCode>
        <name>Bütgenbach</name>
        <utility/>
      </fedict.edrl.domain.Municipality>
      <fedict.edrl.domain.Municipality>
        <postCode>4760</postCode>
        <nisCode>63012</nisCode>
        <name>Büllingen</name>
        <utility/>
      </fedict.edrl.domain.Municipality>
      <fedict.edrl.domain.Municipality>
        <postCode>4770</postCode>
        <nisCode>63001</nisCode>
        <name>Amel</name>
        <utility/>
      </fedict.edrl.domain.Municipality>
      <fedict.edrl.domain.Municipality>
        <postCode>4780</postCode>
        <nisCode>63067</nisCode>
        <name>Sankt Vith</name>
        <utility/>
      </fedict.edrl.domain.Municipality>
      <fedict.edrl.domain.Municipality>
        <postCode>4790</postCode>
        <nisCode>63087</nisCode>
        <name>Burg-Reuland</name>
        <utility/>
      </fedict.edrl.domain.Municipality>
    </municipalities>
    <address>
      <addressId>
        <mainCode>DG/MinistereCG/MinisterieDG</mainCode>
        <subCode>DG/Service Culture/Dienst Cultuur</subCode>
        <addressType>ADMINISTRATION</addressType>
      </addressId>
      <box></box>
      <building></building>
      <contactCenter>http://www.dglive.be/Desktopdefault.aspx/tabid-103/</contactCenter>
      <contactCenterTelephone></contactCenterTelephone>
      <description></description>
      <email>kultur@dgov.be</email>
      <fax>+32(0)87556476</fax>
      <municipality>Eupen</municipality>
      <nisCode></nisCode>
      <number>1</number>
      <postcode>4700</postcode>
      <remark></remark>
      <street>Gospertstraße</street>
      <telephone>+32(0)87596300</telephone>
      <website>www.dglive.be</website>
      <utility/>
    </address>
    <type>ADMINISTRATION</type>
    <municipalityType>LIST</municipalityType>
  </responsibleAdministration>
  <sanctions>&lt;div&gt;Unbeschadet der Anwendung der durch die Strafgesetzgebung oder andere Gesetze oder Dekrete vorgesehenen Maßnahmen wird mit einer Gefängnisstrafe von 8 Tagen bis zu 6 Monaten und einer Geldbuße von 100 bis 5.000 Euro oder einer dieser Strafen alleine belegt, wer Veränderungen innerhalb einer in dem Verzeichnis der archäologischen Stätten aufgenommenen archäologischen Stätte ohne die Erlaubnis oder entgegen der darin enthaltenen Vorschriften durchführt.&lt;br&gt;&lt;/br&gt;&lt;/div&gt;</sanctions>
  <specificLegalMeansDescription></specificLegalMeansDescription>
  <legalBases>
    <fedict.edrl.domain.Link>
      <url>http://www.ejustice.just.fgov.be/cgi/article_body.pl?numac=2008033101&amp;caller=list&amp;article_lang=D&amp;row_id=1&amp;numero=2&amp;pub_date=2008-11-14&amp;set3=set+character_variant+%27german.ftl%27&amp;ddfm=06&amp;dt=DEKRET&amp;language=du&amp;du=d&amp;choix1=UND&amp;choix2=UND&amp;fromtab=+modtxt&amp;trier=Verk%FCndung&amp;ddda=2008&amp;sql=dt+%3D+%27DEKRET%27+and+dd+between+date%272008-06-23%27+and+date%272008-06-23%27+&amp;rech=3&amp;tri=relevance%28%272%3A1%27%29+AS+RANK+&amp;ddfa=2008&amp;dddj=23&amp;dddm=06&amp;ddfj=23&amp;set1=set+stopfile+%27MOD.stp%27</url>
      <description>&lt;div&gt;Dekret vom 23. Juni 2008 über den Schutz der Denkmäler, Kleindenkmäler, Ensembles und Landschaften sowie über die Ausgrabungen (Belgisches Staatsblatt vom 14. November 2008) &lt;br&gt;&lt;/br&gt;&lt;/div&gt;</description>
      <utility/>
    </fedict.edrl.domain.Link>
    <fedict.edrl.domain.Link>
      <url>http://www.ejustice.just.fgov.be/cgi/article_body.pl?numac=2009200999&amp;caller=list&amp;article_lang=D&amp;row_id=1&amp;numero=8&amp;pub_date=2009-03-17&amp;set3=set+character_variant+%27german.ftl%27&amp;language=du&amp;du=d&amp;choix1=UND&amp;choix2=UND&amp;fromtab=+modtxt&amp;trier=Verk%FCndung&amp;ddda=2008&amp;sql=dd+%3D+date%272008-11-20%27&amp;rech=8&amp;tri=relevance%28%272%3A1%27%29+AS+RANK+&amp;dddj=20&amp;dddm=11&amp;set1=set+stopfile+%27MOD.stp%27#top</url>
      <description>&lt;div&gt;Erlass der Regierung vom 20. November 2008 zur Ausführung des Dekretes vom 23. Juni 2008 über den Schutz der Denkmäler, Kleindenkmäler, Ensembles und Landschaften sowie über die Ausgrabungen (Belgisches Staatsblatt vom  17. März 2009) &lt;/div&gt;</description>
      <utility/>
    </fedict.edrl.domain.Link>
  </legalBases>
  <additionalInformation>
    <fedict.edrl.domain.Link>
      <url></url>
      <description></description>
      <utility/>
    </fedict.edrl.domain.Link>
  </additionalInformation>
  <providerSpecificLegalMeansDescription></providerSpecificLegalMeansDescription>
  <products/>
  <utility defined-in="fedict.edrl.domain.AbstractProcedure"/>
  <introductionRequest>
    <municipalities>
      <fedict.edrl.domain.Municipality>
        <postCode>4700</postCode>
        <nisCode>63023</nisCode>
        <name>Eupen</name>
        <utility/>
      </fedict.edrl.domain.Municipality>
      <fedict.edrl.domain.Municipality>
        <postCode>4710</postCode>
        <nisCode>63048</nisCode>
        <name>Lontzen</name>
        <utility/>
      </fedict.edrl.domain.Municipality>
      <fedict.edrl.domain.Municipality>
        <postCode>4720</postCode>
        <nisCode>63040</nisCode>
        <name>Kelmis</name>
        <utility/>
      </fedict.edrl.domain.Municipality>
      <fedict.edrl.domain.Municipality>
        <postCode>4730</postCode>
        <nisCode>63061</nisCode>
        <name>Raeren</name>
        <utility/>
      </fedict.edrl.domain.Municipality>
      <fedict.edrl.domain.Municipality>
        <postCode>4750</postCode>
        <nisCode>63013</nisCode>
        <name>Bütgenbach</name>
        <utility/>
      </fedict.edrl.domain.Municipality>
      <fedict.edrl.domain.Municipality>
        <postCode>4760</postCode>
        <nisCode>63012</nisCode>
        <name>Büllingen</name>
        <utility/>
      </fedict.edrl.domain.Municipality>
      <fedict.edrl.domain.Municipality>
        <postCode>4770</postCode>
        <nisCode>63001</nisCode>
        <name>Amel</name>
        <utility/>
      </fedict.edrl.domain.Municipality>
      <fedict.edrl.domain.Municipality>
        <postCode>4780</postCode>
        <nisCode>63067</nisCode>
        <name>Sankt Vith</name>
        <utility/>
      </fedict.edrl.domain.Municipality>
      <fedict.edrl.domain.Municipality>
        <postCode>4790</postCode>
        <nisCode>63087</nisCode>
        <name>Burg-Reuland</name>
        <utility/>
      </fedict.edrl.domain.Municipality>
    </municipalities>
    <politicalLevel>
      <utility/>
    </politicalLevel>
    <service>
      <code>DG/Service Culture/Dienst Cultuur</code>
      <admininstrationCode>DG/MinistereCG/MinisterieDG</admininstrationCode>
      <internalCode></internalCode>
      <organismType>Admin (service)</organismType>
      <name>Dienst für Kultur</name>
      <utility/>
    </service>
    <address>
      <addressId>
        <mainCode>DG/MinistereCG/MinisterieDG</mainCode>
        <subCode>DG/Service Culture/Dienst Cultuur</subCode>
        <addressType>ADMINISTRATION</addressType>
      </addressId>
      <box></box>
      <building></building>
      <contactCenter>http://www.dglive.be/Desktopdefault.aspx/tabid-103/</contactCenter>
      <contactCenterTelephone></contactCenterTelephone>
      <description></description>
      <email>kultur@dgov.be</email>
      <fax>+32(0)87556476</fax>
      <municipality>Eupen</municipality>
      <nisCode></nisCode>
      <number>1</number>
      <postcode>4700</postcode>
      <remark></remark>
      <street>Gospertstraße</street>
      <telephone>+32(0)87596300</telephone>
      <website>www.dglive.be</website>
      <utility/>
    </address>
  </introductionRequest>
  <frequency></frequency>
  <conditions>&lt;div&gt;Die Genehmigung umfasst die Bedingungen und Auflagen und beziehen sich auf den wissenschaftlichen Sachverstand und die eingesetzten personellen und technischen Mittel. &lt;br&gt;&lt;/br&gt; &lt;br&gt;&lt;/br&gt;Dem Antrag sind folgende Angaben und Unterlagen beizufügen: &lt;br&gt;&lt;/br&gt;1. der Name und die Anschrift des Antragsstellers; &lt;br&gt;&lt;/br&gt;2. die Angabe der geplanten Arbeiten einschließlich einer entsprechenden Einzeichnung auf einem Auszug aus dem Katasterplan; &lt;br&gt;&lt;/br&gt;3. die voraussichtlichen Daten für Beginn und Abschluss der Arbeiten; &lt;br&gt;&lt;/br&gt;4. die Beweggründe für die Arbeiten; &lt;br&gt;&lt;/br&gt;5. eine Kopie des Diploms oder des sonstigen Befähigungsnachweises als Kunsthistoriker, Ausgrabungstechniker oder Archäologe des Verantwortlichen oder der Beleg seiner Sachkenntnis und eine Beschreibung der verfügbaren personellen und technischen Mittel; &lt;br&gt;&lt;/br&gt;6. eine Beschreibung der Baustellenorganisation, insbesondere der Sicherheitsplan; &lt;br&gt;&lt;/br&gt;7. eine Beschreibung der geplanten Maßnahmen zur Rückversetzung der Ausgrabungsstätte in ihren ursprünglichen Zustand und zur Konservierung der eventuellen Funde; &lt;br&gt;&lt;/br&gt;8. das Einverständnis des Eigentümers der Ausgrabungsstätte mit den geplanten Arbeiten und den Rückversetzungsmaßnahmen; &lt;br&gt;&lt;/br&gt;9. das Einverständnis des Eigentümers der Ausgrabungsstätte mit den Eigentumsverhältnissen der eventuellen Funde und mit deren Aufbewahrung;&lt;br&gt;&lt;/br&gt;10. die Absichtserklärung des Antragsstellers, die eventuellen Funde in für Wissenschaftler zugänglichen Depots aufzubewahren; &lt;br&gt;&lt;/br&gt;11. die Absichtserklärung des Antragsstellers, dem Ministerium regelmäßige Berichte über den Fortgang der Arbeiten sowie bei Abschluss der Arbeiten einen Endbericht zukommen zu lassen.&lt;br&gt;&lt;/br&gt;&lt;/div&gt;</conditions>
  <price>&lt;div&gt;0 Euro&lt;/div&gt;</price>
  <authorizationPeriod>&lt;div&gt;Die Gültigkeitsdauer wird in der Genehmigung angegeben.&lt;/div&gt;</authorizationPeriod>
  <forms>
    <fedict.edrl.domain.Link>
      <url></url>
      <description></description>
      <utility/>
    </fedict.edrl.domain.Link>
  </forms>
  <annexes></annexes>
  <childProcedures/>
  <utility/>
</fedict.edrl.domain.Procedure>