<fedict.edrl.domain.Procedure>
  <contentId>50293</contentId>
  <templateVersion>1,85</templateVersion>
  <language>DE</language>
  <lifecycle>START</lifecycle>
  <indicators>
    <targetGroup>
      <belgianCompany>true</belgianCompany>
      <euServiceProvider>true</euServiceProvider>
      <nonEuServiceProvider>true</nonEuServiceProvider>
      <euTemporaryServiceProvider>true</euTemporaryServiceProvider>
      <nonEuTemporaryServiceProvider>true</nonEuTemporaryServiceProvider>
    </targetGroup>
    <domain>
      <specificActivity>true</specificActivity>
      <building>false</building>
      <company>false</company>
      <registration>false</registration>
      <socialSecurity>false</socialSecurity>
      <taxation>false</taxation>
      <recruitment>false</recruitment>
    </domain>
    <companyType>
      <naturalPerson>true</naturalPerson>
      <lawPerson>true</lawPerson>
      <nonLawPerson>true</nonLawPerson>
    </companyType>
    <entity>
      <company>true</company>
      <unit>false</unit>
      <person>false</person>
      <property>false</property>
    </entity>
    <countryPart>
      <dutch>false</dutch>
      <french>false</french>
      <german>true</german>
      <brussels>false</brussels>
    </countryPart>
  </indicators>
  <principal>true</principal>
  <displayOrder>20000</displayOrder>
  <commonSectorType>LIST</commonSectorType>
  <possibleSectorType>LIST</possibleSectorType>
  <legalMeansType>CLASSIC</legalMeansType>
  <providerLegalMeansType>CLASSIC</providerLegalMeansType>
  <singlePointOfContact>GUIDELINE_REQUIRED_ELOKET</singlePointOfContact>
  <translated>true</translated>
  <original>false</original>
  <version>1</version>
  <title>Anerkennung als Organisator von Kampfsportveranstaltungen</title>
  <applicationSummary>&lt;div&gt;Wenn Sie eine Kampfsportveranstaltung im deutschen Sprachgebiet organisieren möchten &lt;/div&gt;</applicationSummary>
  <shortDescription>&lt;div&gt;Wenn Sie Kampfsportveranstaltungen organisieren möchten, müssen Sie eine Anerkennung einholen.&lt;/div&gt;</shortDescription>
  <applicableTo>&lt;div&gt;Jede Person, die eine oder mehrere Kampfsportveranstaltungen organisieren möchte.&lt;/div&gt;</applicableTo>
  <applicableExceptions></applicableExceptions>
  <formalities></formalities>
  <commonSectors>
    <fedict.edrl.domain.Sector>
      <code>03 - Amusement / Amusement</code>
      <name>Kultur, Sport und Erholung</name>
      <language>DE</language>
      <displaySector>true</displaySector>
      <utility/>
    </fedict.edrl.domain.Sector>
  </commonSectors>
  <commonActivities>
    <fedict.edrl.domain.Activity>
      <activityCode>06 - Clubs Sports / Sportclubs</activityCode>
      <sectorCode>03 - Amusement / Amusement</sectorCode>
      <name>Sportklubs</name>
      <displayActivity>false</displayActivity>
      <language>DE</language>
    </fedict.edrl.domain.Activity>
    <fedict.edrl.domain.Activity>
      <activityCode>10 - Organisation Combats Boxe / Organisatie Bokswedstrijden</activityCode>
      <sectorCode>03 - Amusement / Amusement</sectorCode>
      <name>Organisation von Boxwettkämpfen</name>
      <displayActivity>true</displayActivity>
      <language>DE</language>
    </fedict.edrl.domain.Activity>
  </commonActivities>
  <possibleSectors/>
  <possibleActivities/>
  <responsibleAdministration>
    <politicalLevel>
      <utility/>
    </politicalLevel>
    <service>
      <code>DG/Service des Sports/Dienst Sport</code>
      <admininstrationCode>DG/MinistereCG/MinisterieDG</admininstrationCode>
      <internalCode></internalCode>
      <organismType>Admin (service)</organismType>
      <name>Sportdienst</name>
      <utility/>
    </service>
    <municipalities>
      <fedict.edrl.domain.Municipality>
        <postCode>4700</postCode>
        <nisCode>63023</nisCode>
        <name>Eupen</name>
        <utility/>
      </fedict.edrl.domain.Municipality>
      <fedict.edrl.domain.Municipality>
        <postCode>4710</postCode>
        <nisCode>63048</nisCode>
        <name>Lontzen</name>
        <utility/>
      </fedict.edrl.domain.Municipality>
      <fedict.edrl.domain.Municipality>
        <postCode>4720</postCode>
        <nisCode>63040</nisCode>
        <name>Kelmis</name>
        <utility/>
      </fedict.edrl.domain.Municipality>
      <fedict.edrl.domain.Municipality>
        <postCode>4730</postCode>
        <nisCode>63061</nisCode>
        <name>Raeren</name>
        <utility/>
      </fedict.edrl.domain.Municipality>
      <fedict.edrl.domain.Municipality>
        <postCode>4750</postCode>
        <nisCode>63013</nisCode>
        <name>Bütgenbach</name>
        <utility/>
      </fedict.edrl.domain.Municipality>
      <fedict.edrl.domain.Municipality>
        <postCode>4760</postCode>
        <nisCode>63012</nisCode>
        <name>Büllingen</name>
        <utility/>
      </fedict.edrl.domain.Municipality>
      <fedict.edrl.domain.Municipality>
        <postCode>4770</postCode>
        <nisCode>63001</nisCode>
        <name>Amel</name>
        <utility/>
      </fedict.edrl.domain.Municipality>
      <fedict.edrl.domain.Municipality>
        <postCode>4780</postCode>
        <nisCode>63067</nisCode>
        <name>Sankt Vith</name>
        <utility/>
      </fedict.edrl.domain.Municipality>
      <fedict.edrl.domain.Municipality>
        <postCode>4790</postCode>
        <nisCode>63087</nisCode>
        <name>Burg-Reuland</name>
        <utility/>
      </fedict.edrl.domain.Municipality>
    </municipalities>
    <address>
      <addressId>
        <mainCode>DG/MinistereCG/MinisterieDG</mainCode>
        <subCode>DG/Service des Sports/Dienst Sport</subCode>
        <addressType>ADMINISTRATION</addressType>
      </addressId>
      <box></box>
      <building></building>
      <contactCenter>http://www.dglive.be/Desktopdefault.aspx/tabid-103/</contactCenter>
      <contactCenterTelephone></contactCenterTelephone>
      <description></description>
      <email>kultur@dgov.be</email>
      <fax>+32(0)87556476</fax>
      <municipality>Eupen</municipality>
      <nisCode></nisCode>
      <number>1</number>
      <postcode>4700</postcode>
      <remark></remark>
      <street>Gospertstraße</street>
      <telephone>+32(0)87596300</telephone>
      <website>www.dglive.be</website>
      <utility/>
    </address>
    <type>ADMINISTRATION</type>
    <municipalityType>LIST</municipalityType>
  </responsibleAdministration>
  <sanctions>&lt;div&gt;&lt;div&gt;Freiheitsstrafe von 8 Tagen bis zu 6 Monaten und/oder Geldstrafe von 100 bis 1000 Euro, wenn eine Veranstaltung ohne Anerkennung organisiert wird.&lt;/div&gt;&lt;/div&gt;</sanctions>
  <specificLegalMeansDescription></specificLegalMeansDescription>
  <legalBases>
    <fedict.edrl.domain.Link>
      <url>http://www.ejustice.just.fgov.be/mopdf/2006/04/12_1.pdf#Page81</url>
      <description>&lt;div&gt;Dekret vom 30. Januar 2006 zur Vorbeugung gesundheitlicher Schäden bei sportlicher Betätigung (Belgisches Staatsblatt vom 12. April 2006) &lt;/div&gt;</description>
      <utility/>
    </fedict.edrl.domain.Link>
  </legalBases>
  <additionalInformation>
    <fedict.edrl.domain.Link>
      <url></url>
      <description></description>
      <utility/>
    </fedict.edrl.domain.Link>
  </additionalInformation>
  <providerSpecificLegalMeansDescription></providerSpecificLegalMeansDescription>
  <products/>
  <utility defined-in="fedict.edrl.domain.AbstractProcedure"/>
  <introductionRequest>
    <municipalities>
      <fedict.edrl.domain.Municipality>
        <postCode>4700</postCode>
        <nisCode>63023</nisCode>
        <name>Eupen</name>
        <utility/>
      </fedict.edrl.domain.Municipality>
      <fedict.edrl.domain.Municipality>
        <postCode>4710</postCode>
        <nisCode>63048</nisCode>
        <name>Lontzen</name>
        <utility/>
      </fedict.edrl.domain.Municipality>
      <fedict.edrl.domain.Municipality>
        <postCode>4720</postCode>
        <nisCode>63040</nisCode>
        <name>Kelmis</name>
        <utility/>
      </fedict.edrl.domain.Municipality>
      <fedict.edrl.domain.Municipality>
        <postCode>4730</postCode>
        <nisCode>63061</nisCode>
        <name>Raeren</name>
        <utility/>
      </fedict.edrl.domain.Municipality>
      <fedict.edrl.domain.Municipality>
        <postCode>4750</postCode>
        <nisCode>63013</nisCode>
        <name>Bütgenbach</name>
        <utility/>
      </fedict.edrl.domain.Municipality>
      <fedict.edrl.domain.Municipality>
        <postCode>4760</postCode>
        <nisCode>63012</nisCode>
        <name>Büllingen</name>
        <utility/>
      </fedict.edrl.domain.Municipality>
      <fedict.edrl.domain.Municipality>
        <postCode>4770</postCode>
        <nisCode>63001</nisCode>
        <name>Amel</name>
        <utility/>
      </fedict.edrl.domain.Municipality>
      <fedict.edrl.domain.Municipality>
        <postCode>4780</postCode>
        <nisCode>63067</nisCode>
        <name>Sankt Vith</name>
        <utility/>
      </fedict.edrl.domain.Municipality>
      <fedict.edrl.domain.Municipality>
        <postCode>4790</postCode>
        <nisCode>63087</nisCode>
        <name>Burg-Reuland</name>
        <utility/>
      </fedict.edrl.domain.Municipality>
    </municipalities>
    <politicalLevel>
      <utility/>
    </politicalLevel>
    <service>
      <code>DG/Service des Sports/Dienst Sport</code>
      <admininstrationCode>DG/MinistereCG/MinisterieDG</admininstrationCode>
      <internalCode></internalCode>
      <organismType>Admin (service)</organismType>
      <name>Sportdienst</name>
      <utility/>
    </service>
    <address>
      <addressId>
        <mainCode>DG/MinistereCG/MinisterieDG</mainCode>
        <subCode>DG/Service des Sports/Dienst Sport</subCode>
        <addressType>ADMINISTRATION</addressType>
      </addressId>
      <box></box>
      <building></building>
      <contactCenter>http://www.dglive.be/Desktopdefault.aspx/tabid-103/</contactCenter>
      <contactCenterTelephone></contactCenterTelephone>
      <description></description>
      <email>kultur@dgov.be</email>
      <fax>+32(0)87556476</fax>
      <municipality>Eupen</municipality>
      <nisCode></nisCode>
      <number>1</number>
      <postcode>4700</postcode>
      <remark></remark>
      <street>Gospertstraße</street>
      <telephone>+32(0)87596300</telephone>
      <website>www.dglive.be</website>
      <utility/>
    </address>
  </introductionRequest>
  <frequency></frequency>
  <conditions>&lt;div&gt;Um als Organisator von Kampfsportveranstaltungen anerkannt zu werden, muss der Antragsteller für den jeweiligen Kampfsport Bestimmungen zur Sicherheit und zum Schutz der physischen und psychischen Gesundheit der Sportler festlegen.&lt;/div&gt;&lt;div&gt;Diese Bestimmungen umfassen mindestens eine ausführliche Beschreibung:&lt;br&gt;&lt;/br&gt;1. der ausreichenden Fachkompetenz des Übungsleiters beziehungsweise des Trainers;&lt;br&gt;&lt;/br&gt;2. des vorschriftsmäßigen Sportmaterials;&lt;br&gt;&lt;/br&gt;3. der Sicherheitsvorkehrungen;&lt;br&gt;&lt;/br&gt;4. der Schutzkleidung;&lt;br&gt;&lt;/br&gt;5. der sanitären Vorkehrungen und&lt;br&gt;&lt;/br&gt;6. der Wettkampfvorschriften, einschließlich der nach einem Kampf einzuhaltenden Ruhepausen.&lt;/div&gt;</conditions>
  <price>&lt;div&gt;0 Euro&lt;/div&gt;</price>
  <authorizationPeriod>&lt;div&gt;Die Anerkennung gilt unbefristet.&lt;/div&gt;</authorizationPeriod>
  <forms>
    <fedict.edrl.domain.Link>
      <url></url>
      <description>&lt;p&gt; &lt;/p&gt;</description>
      <utility/>
    </fedict.edrl.domain.Link>
  </forms>
  <annexes>&lt;div&gt;Bestimmungen zur Sicherheit und zum Schutz der physischen und psychischen Gesundheit der Sportler.&lt;/div&gt;</annexes>
  <childProcedures/>
  <utility/>
</fedict.edrl.domain.Procedure>